filename,plate_text
car_1.jpg,30F-11292
car_2.jpg,30F-78286
car_3.jpg,30F-90230
car_4.jpg,30E-49536
car_5.jpg,98A-29814
car_6.jpg,30G-59810
car_7.jpg,51F-86947
car_8.jpg,30E-97662
car_9.jpg,30F-11292
car_10.jpg,52F-7584
car_11.jpg,30G-06534
car_12.jpg,30F-86404
car_13.jpg,29Z-9986
car_14.jpg,30F-91149
car_15.jpg,30E-63563
car_16.jpg,30A-26144
car_17.jpg,30F-44580
car_18.jpg,19A-29736
car_19.jpg,29H-17054
car_20.jpg,18A-07826
car_21.jpg,29H-02042
car_22.jpg,30F-21950
car_23.jpg,98A-32802
car_24.jpg,30G-00567
car_25.jpg,15A-00635
car_26.jpg,30G-51624
car_27.jpg,29V-6767
car_28.jpg,30F-68947
car_29.jpg,30F-60947
car_30.jpg,36A-49052
car_31.jpg,29H-38452
car_32.jpg,30G-40304
car_33.jpg,30A-48483
car_34.jpg,30E-90257
car_35.jpg,29A-85437
car_36.jpg,30G-36336
car_37.jpg,30A-96308
car_38.jpg,29H-38452
car_39.jpg,89A-07394
car_40.jpg,24D-00082
car_41.jpg,89A-15717
car_42.jpg,29A-46294
car_43.jpg,30E-52374
car_44.jpg,30F-44101
car_45.jpg,30E-99127
car_46.jpg,30G-37986
car_47.jpg,30A-59464
car_48.jpg,29A-92839
car_49.jpg,89A-15939
car_50.jpg,30E-39814
car_51.jpg,30A-80744
car_52.jpg,30E-71583
car_53.jpg,38N-1636
car_54.jpg,29V-1910
car_55.jpg,30F-45081
car_56.jpg,30E-75531
car_57.jpg,29A-97701
car_58.jpg,29V-1910
car_59.jpg,14A-09290
car_60.jpg,30G-55031
car_61.jpg,89A-07379
car_62.jpg,30E-14499
car_63.jpg,30E-34422
car_64.jpg,30F-90540
car_65.jpg,29V-1910
car_66.jpg,98A-17339
car_67.jpg,30A-60434
car_68.jpg,30F-99523
car_69.jpg,29A-42050
car_70.jpg,30V-7921
car_71.jpg,89A-20061
car_72.jpg,30G-41159
car_73.jpg,29H-06845
car_74.jpg,29A-23136
car_75.jpg,30F-50167
car_76.jpg,30G-53279
car_77.jpg,30A-26144
car_78.jpg,30F-32951
car_79.jpg,30G-58236
car_80.jpg,89A-07379
car_81.jpg,30F-20449
car_82.jpg,29A-77998
car_83.jpg,30F-83605
car_84.jpg,30F-26449
car_85.jpg,29D-09566
car_86.jpg,30F-70924
car_87.jpg,30G-51624
car_88.jpg,30G-35217
car_89.jpg,30G-48917
car_90.jpg,30F-32665
car_91.jpg,30A-04926
car_92.jpg,30A-97061
car_93.jpg,89A-14723
car_94.jpg,34A-13974
car_95.jpg,30E-43502
car_96.jpg,30F-65900
car_97.jpg,89A-09096
car_98.jpg,30E-02141
car_99.jpg,30E-43502
car_100.jpg,30M-4253
car_101.jpg,29U-3763
car_102.jpg,30A-54827
car_103.jpg,29A-00084
car_104.jpg,30G-58236
car_105.jpg,30A-79330
car_106.jpg,30F-32643
car_107.jpg,26A-08211
car_108.jpg,14A-19068
car_109.jpg,30A-71980
car_110.jpg,89A-07379
car_111.jpg,30G-56695
car_112.jpg,30A-79209
car_113.jpg,30F-77854
car_114.jpg,29C-66073
car_115.jpg,30F-07555
car_116.jpg,29A-22443
car_117.jpg,29A-33928
car_118.jpg,89A-06932
car_119.jpg,89A-10868
car_120.jpg,30M-4253
car_121.jpg,29V-1910
car_122.jpg,99A-27405
car_123.jpg,89LD-00275
car_124.jpg,29D-08722
car_125.jpg,29H-12997
car_126.jpg,30A-57599
car_127.jpg,99A-36456
car_128.jpg,29C-66626
car_129.jpg,56S-0009
car_130.jpg,21A-08531
car_131.jpg,29H-40433
car_132.jpg,14A-09290
car_133.jpg,30E-76226
car_134.jpg,29H-15079
car_135.jpg,30G-44167
car_136.jpg,30A-90296
car_137.jpg,30E-77379
car_138.jpg,30G-03947
car_139.jpg,89A-10429
car_140.jpg,29C-67798
car_141.jpg,30M-4253
car_142.jpg,30A-11111
car_143.jpg,30F-72928
car_144.jpg,89A-15961
car_145.jpg,29C-99340
car_146.jpg,30A-63839
car_147.jpg,29A-77998
car_148.jpg,98A-17339
car_149.jpg,29D-51411
car_150.jpg,71578
car_151.jpg,89A-20664
car_152.jpg,30A-04180
car_153.jpg,89A-12388
car_154.jpg,34A-20477
car_155.jpg,30F-51443
car_156.jpg,71578
car_157.jpg,89C-13497
car_158.jpg,89A-07379
car_159.jpg,30G-61239
car_160.jpg,30G-58236
car_161.jpg,30E-34441
car_162.jpg,30E-45676
car_163.jpg,30G-46885
car_164.jpg,29H-31658
car_165.jpg,89A-07379
car_166.jpg,30F-32643
car_167.jpg,30E-13028
car_168.jpg,30E-96416
car_169.jpg,34A-31825
car_170.jpg,29A-87180
car_171.jpg,14A-43441
car_172.jpg,30G-58236
car_173.jpg,30F-74905
car_174.jpg,89A-07379
car_175.jpg,30F-78286
car_176.jpg,30E-63563
car_177.jpg,29H-37260
car_178.jpg,30F-54745
car_179.jpg,29H-38452
car_180.jpg,89A-10993
car_181.jpg,30A-97571
car_182.jpg,29A-44039
car_183.jpg,30F-76935
car_184.jpg,88A-23016
car_185.jpg,99A-10432
car_186.jpg,30F-80651
car_187.jpg,36A-25649
car_188.jpg,30G-37213
car_189.jpg,29A-05080
car_190.jpg,29C-82506
car_191.jpg,89A-20061
car_192.jpg,30A-17831
car_193.jpg,30E-48226
car_194.jpg,29A-60986
car_195.jpg,30F-77294
car_196.jpg,30G-27838
car_197.jpg,29A-25885
car_198.jpg,30G-40304
car_199.jpg,30F-56330
car_200.jpg,30F-72928
car_201.jpg,30F-45865
car_202.jpg,30F-46564
car_203.jpg,30F-03523
car_204.jpg,89A-10868
car_205.jpg,90A-07718
car_206.jpg,29C-80581
car_207.jpg,29C-70256
car_208.jpg,30E-41231
car_209.jpg,30A-62043
car_210.jpg,30F-5204
car_211.jpg,30F-03523
car_212.jpg,89C-19599
car_213.jpg,30G-46437
car_214.jpg,30A-52186
car_215.jpg,30G-19185
car_216.jpg,30E-91177
car_217.jpg,30G-41359
car_218.jpg,30F-27580
car_219.jpg,89A-19640
car_220.jpg,30E-86044
car_221.jpg,29D-01799
car_222.jpg,30E-74323
car_223.jpg,30G-32955
car_224.jpg,89A-20061
car_225.jpg,30F-5204
car_226.jpg,34A-31825
car_227.jpg,29V-1910
car_228.jpg,30M-4253
car_229.jpg,29A-25885
car_230.jpg,30A-70190
car_231.jpg,88A-30598
car_232.jpg,29V-1910
car_233.jpg,30F-25697
car_234.jpg,30A-71103
car_235.jpg,29A-60225
car_236.jpg,30G-58236
car_237.jpg,30F-03523
car_238.jpg,30A-23451
car_239.jpg,29D-09566
car_240.jpg,30F-07227
car_241.jpg,30G-58858
car_242.jpg,29H-07716
car_243.jpg,30G-09483
car_244.jpg,30F-95191
car_245.jpg,29V-1910
car_246.jpg,26A-00164
car_247.jpg,90A-09054
car_248.jpg,29D-09566
car_249.jpg,29A-46294
car_250.jpg,89A-15530
car_251.jpg,50Z-6788
car_252.jpg,29A-60432
car_253.jpg,99A-08929
car_254.jpg,30G-56695
car_255.jpg,29A-65169
car_256.jpg,30E-58226
car_257.jpg,30A-92450
car_258.jpg,30A-34588
car_259.jpg,30A-20890
car_260.jpg,30F-97025
car_261.jpg,51H-36509
car_262.jpg,29V-1910
car_263.jpg,30F-20784
car_264.jpg,30A-60168
car_265.jpg,30G-25495
car_266.jpg,30A-47837
car_267.jpg,30A-54827
car_268.jpg,30E-19752
car_269.jpg,30G-47926
car_270.jpg,30A-82771
car_271.jpg,29A-46541
car_272.jpg,29H-03560
car_273.jpg,89A-07379
car_274.jpg,19A-32726
car_275.jpg,29A-04999
car_276.jpg,89A-07758
car_277.jpg,30F-86034
car_278.jpg,30G-40304
car_279.jpg,29D-09566
car_280.jpg,89A-06932
car_281.jpg,30E-66122
car_282.jpg,30F-35939
car_283.jpg,30A-71980
car_284.jpg,29A-48170
car_285.jpg,29A-46511
car_286.jpg,29V-1910
car_287.jpg,29H-02042
car_288.jpg,30G-40304
car_289.jpg,30E-93815
car_290.jpg,36A-01418
car_291.jpg,29C-65227
car_292.jpg,30G-43755
car_293.jpg,30E-19815
car_294.jpg,30F-46189
car_295.jpg,30E-38721
car_296.jpg,19A-32726
car_297.jpg,30F-50833
car_298.jpg,29A-02343
car_299.jpg,30M-4253
car_300.jpg,30F-92619
car_301.jpg,30F-15695
car_302.jpg,30E-34411
car_303.jpg,30F-71578
car_304.jpg,30M-4253
car_305.jpg,30F-44580
car_306.jpg,34A-35899
car_307.jpg,29D-09566
car_308.jpg,89A-07379
car_309.jpg,30A-02965
car_310.jpg,30F-71554
car_311.jpg,29C-66625
car_312.jpg,30F-65946
car_313.jpg,30A-40293
car_314.jpg,30A-71103
car_315.jpg,36A-01418
car_316.jpg,30E-02141
car_317.jpg,89A-13864
car_318.jpg,89A-08824
car_319.jpg,30F-32659
car_320.jpg,30F-5204
car_321.jpg,30A-61153
car_322.jpg,29C-65227
car_323.jpg,30Z-8657
car_324.jpg,30A-32867
car_325.jpg,89A-12433
car_326.jpg,31F-5724
car_327.jpg,30A-58373
car_328.jpg,98A-17339
car_329.jpg,30E-97974
car_330.jpg,89A-12433
car_331.jpg,36A-25649
car_332.jpg,30F-50483
car_333.jpg,30A-61153
car_334.jpg,30M-4253
car_335.jpg,29A-29441
car_336.jpg,30A-76791
car_337.jpg,29D-08722
car_338.jpg,30A-34588
car_339.jpg,29A-36257
car_340.jpg,30A-92957
car_341.jpg,30F-95280
car_342.jpg,30F-78286
car_343.jpg,30F-25697
car_344.jpg,30F-25697
car_345.jpg,99A-08929
car_346.jpg,98A-29814
car_347.jpg,30F-93591
car_348.jpg,30E-43502
car_349.jpg,36A-01418
car_350.jpg,30F-77159
car_351.jpg,30E-94515
car_352.jpg,30A-31588
car_353.jpg,30F-86034
car_355.jpg,29A-46511
car_356.jpg,30F-03523
car_357.jpg,89A-07379
car_358.jpg,30E-68500
car_359.jpg,30G-03916
car_360.jpg,30F-71578
car_361.jpg,30G-41171
car_362.jpg,89A-07758
car_363.jpg,30F-71578
car_364.jpg,29A-42050
car_365.jpg,29A-33928
car_366.jpg,30M-4253
car_367.jpg,29H-07062
car_368.jpg,37A-39988
car_369.jpg,30E-47662
car_370.jpg,51A-00530
car_371.jpg,30E-77408
car_372.jpg,30F-72929
car_373.jpg,30F-5204
car_374.jpg,30X-4243
car_375.jpg,30G-22721
car_376.jpg,30F-78286
car_377.jpg,30F-88013
car_378.jpg,30F-10317
car_379.jpg,30E-13028
car_380.jpg,51G-52911
car_381.jpg,30E-50692
car_382.jpg,89A-21762
car_383.jpg,30F-65939
car_384.jpg,30E-60123
car_385.jpg,30G-40304
car_386.jpg,24A-15935
car_387.jpg,30E-63785
car_388.jpg,30E-91177
car_389.jpg,30A-90546
car_390.jpg,BOE90955
car_391.jpg,30A-33833
car_392.jpg,30F-28620
car_393.jpg,51G-94303
car_394.jpg,30F-25697
car_395.jpg,29A-25885
car_396.jpg,89LD-00546
car_397.jpg,90A-07718
car_398.jpg,30F-27580
car_399.jpg,30A-73850
car_400.jpg,30A-31544
car_401.jpg,30F-78907
car_402.jpg,30E-72066
car_403.jpg,30F-5204
car_404.jpg,30F-99844
car_405.jpg,30F-97025
car_406.jpg,89A-07379
car_407.jpg,30G-11994
car_408.jpg,30A-79209
car_409.jpg,29A-17543
car_410.jpg,56S-0009
car_411.jpg,29D-09566
car_412.jpg,30G-11155
car_413.jpg,30A-76121
car_414.jpg,30E-98131
car_415.jpg,30A-62539
car_416.jpg,30A-89685
car_417.jpg,30A-69919
car_418.jpg,30A-26144
car_419.jpg,30F-5204
car_420.jpg,30F-08931
car_421.jpg,89A-15530
car_422.jpg,29H-06737
car_423.jpg,30F-36253
car_424.jpg,30G-25794
car_425.jpg,30A-05197
car_426.jpg,29A-02343
car_427.jpg,56P-6961
car_428.jpg,30A-60434
car_429.jpg,29H-35447
car_430.jpg,30S-2639
car_431.jpg,30F-5204
car_432.jpg,30G-43912
car_433.jpg,29D-09566
car_435.jpg,62A-02636
car_436.jpg,99A-12497
car_437.jpg,30G-61462
car_438.jpg,30M-4253
car_439.jpg,30E-89023
car_440.jpg,29D-05685
car_441.jpg,29H-06737
car_442.jpg,30G-31697
car_443.jpg,30F-51443
car_444.jpg,30F-49056
car_445.jpg,30F-32245
car_446.jpg,30F-5204
car_447.jpg,30A-26583
car_448.jpg,30A-34588
car_449.jpg,30E-30640
car_450.jpg,30E-28131
car_451.jpg,30F-51271
car_452.jpg,30F-51272
car_453.jpg,30V-8692
car_454.jpg,98A-17339
car_455.jpg,30F-32659
car_456.jpg,30E-93815
car_457.jpg,29A-06669
car_458.jpg,30E-77379
car_459.jpg,29V-1910
car_460.jpg,30E-38721
car_461.jpg,30A-49689
car_462.jpg,29C-82506
car_463.jpg,53S-8195
car_464.jpg,29D-09566
car_465.jpg,29A-46791
car_466.jpg,89D-00590
car_467.jpg,30E-04914
car_468.jpg,99A-10432
car_469.jpg,30F-71165
car_470.jpg,29D-21596
car_471.jpg,29A-56048
car_472.jpg,30A-26144
car_473.jpg,30F-50483
car_474.jpg,30F-79515
car_475.jpg,30G-19909
car_476.jpg,30G-51624
car_477.jpg,30A-80744
car_478.jpg,30F-20449
car_479.jpg,30A-63839
car_480.jpg,30G-54201
car_481.jpg,29D-09566
car_482.jpg,29D-05685
car_483.jpg,30F-32598
car_484.jpg,30A-88459
car_485.jpg,89A-21740
car_486.jpg,30G-58236
car_487.jpg,30F-27580
car_488.jpg,30A-70190
car_489.jpg,89A-07379
car_490.jpg,30A-26144
car_491.jpg,30E-48226
car_492.jpg,30A-32867
car_493.jpg,30G-29750
car_494.jpg,30F-19643
car_495.jpg,30F-07555
car_496.jpg,30A-95205
car_497.jpg,30A-92957
car_498.jpg,30M-4253
car_499.jpg,30F-70179
car_500.jpg,30E-66266
car_501.jpg,30F-05779
car_502.jpg,30F-07555
car_503.jpg,30F-54745
car_504.jpg,29A-60432
car_505.jpg,30E-20701
car_506.jpg,89C-13497
car_507.jpg,89A-18577
car_508.jpg,14A-09290
car_509.jpg,29V-1910
car_510.jpg,30E-29328
car_511.jpg,30F-70442
car_512.jpg,30F-47792
car_513.jpg,30A-98846
car_514.jpg,89A-10993
car_515.jpg,30F-25697
car_516.jpg,29A-29441
car_517.jpg,29A-09586
car_518.jpg,29A-32510
car_519.jpg,29A-09586
car_520.jpg,99A-33254
car_521.jpg,30G-43342
car_522.jpg,80G-31553
car_523.jpg,30A-70190
car_524.jpg,30G-61086
car_525.jpg,30G-43755
car_526.jpg,30F-10317
car_527.jpg,30F-03523
car_528.jpg,30E-54093
car_529.jpg,30F-90540
car_530.jpg,89A-15530
car_531.jpg,30F-36127
car_532.jpg,89C-13497
car_533.jpg,30G-51511
car_534.jpg,29D-09566
car_535.jpg,89A-07379
car_536.jpg,30G-51624
car_537.jpg,30F-27580
car_538.jpg,29A-65169
car_539.jpg,30A-05857
car_540.jpg,30A-96308
car_541.jpg,30F-5204
car_542.jpg,29D-09566
car_543.jpg,30G-43755
car_544.jpg,29D-09566
car_545.jpg,30E-43843
car_546.jpg,30E-19752
car_547.jpg,30M-4253
car_548.jpg,89A-10341
car_549.jpg,89A-15939
car_550.jpg,29H-15207
car_551.jpg,15A-16938
car_552.jpg,99A-18766
car_553.jpg,30G-31553
car_554.jpg,30A-90546
car_555.jpg,36A-01418
car_556.jpg,30F-65847
car_557.jpg,36A-04104
car_558.jpg,29H-15079
car_559.jpg,36A-04104
car_560.jpg,30G-46437
car_561.jpg,30E-43502
car_562.jpg,34A-31506
car_563.jpg,30F-21510
car_564.jpg,29A-42050
car_565.jpg,30E-38721
car_566.jpg,30M-4253
car_567.jpg,29C-22776
car_568.jpg,30E-66122
car_569.jpg,30G-34241
car_570.jpg,30G-27838
car_571.jpg,29A-25885
car_572.jpg,30F-5204
car_573.jpg,30E-05207
car_574.jpg,29V-1910
car_575.jpg,30F-21510
car_576.jpg,30E-57662
car_577.jpg,89A-11039
car_578.jpg,29A-71990
car_579.jpg,29T-2471
car_580.jpg,29C-82506
car_581.jpg,30F-03523
car_582.jpg,30F-32598
car_583.jpg,15A-00635
car_584.jpg,30G-09132
car_585.jpg,98A-13467
car_586.jpg,29D-09566
car_587.jpg,30F-5204
car_588.jpg,30A-71103
car_589.jpg,89A-08877
car_590.jpg,29H-15606
car_591.jpg,29A-26128
car_592.jpg,30E-32586
car_593.jpg,30F-67403
car_594.jpg,30F-25697
car_595.jpg,30F-50167
car_596.jpg,30G-01866
car_597.jpg,36A-25649
car_598.jpg,30G-03474
car_599.jpg,30A-97571
car_600.jpg,89A-11297
mb_1.jpg,59P2-15270
mb_2.jpg,63H4-0538
mb_3.jpg,60B2-23567
mb_4.jpg,59T1-92270
mb_5.jpg,72C1-39315
mb_6.jpg,68H7-4213
mb_7.jpg,59C1-61110
mb_8.jpg,59S1-15133
mb_9.jpg,66L1-35224
mb_10.jpg,52H9-9892
mb_11.jpg,59E1-65903
mb_12.jpg,59C2-59392
mb_13.jpg,54R3-0018
mb_14.jpg,59S2-08418
mb_15.jpg,59T1-27242
mb_16.jpg,52F3-8889
mb_17.jpg,59S2-31606
mb_18.jpg,59V1-07473
mb_19.jpg,59T1-20243
mb_20.jpg,85B1-02836
mb_21.jpg,60C1-61975
mb_22.jpg,59S2-51095
mb_23.jpg,70B1-32168
mb_24.jpg,59L2-02084
mb_25.jpg,59G1-33671
mb_26.jpg,51H3-2153
mb_27.jpg,59S1-06865
mb_28.jpg,59X1-45128
mb_29.jpg,59F1-42819
mb_30.jpg,66L1-35224
mb_31.jpg,59X1-24340
mb_32.jpg,59S2-27831
mb_33.jpg,59K7-22599
mb_34.jpg,67M5-9687
mb_35.jpg,51R5-2701
mb_36.jpg,59H1-54792
mb_37.jpg,60B4-22155
mb_38.jpg,52F5-3512
mb_39.jpg,86B6-22670
mb_40.jpg,64D1-21888
mb_41.jpg,83P2-13173
mb_42.jpg,59N1-69575
mb_43.jpg,70G1-13509
mb_44.jpg,16F2-6303
mb_45.jpg,59F1-14064
mb_46.jpg,59L1-49944
mb_47.jpg,54T4-6647
mb_48.jpg,60X4-6482
mb_49.jpg,59C1-56086
mb_50.jpg,59C2-01208
mb_51.jpg,59T1-54049
mb_52.jpg,64C1-04262
mb_53.jpg,47D1-18716
mb_54.jpg,51L7-4255
mb_55.jpg,53R8-8556
mb_56.jpg,59M1-60077
mb_57.jpg,72E1-01515
mb_58.jpg,49M7-1975
mb_59.jpg,59C1-65331
mb_60.jpg,51L5-4520
mb_61.jpg,59S2-54455
mb_62.jpg,55X1-7546
mb_63.jpg,54P7-3985
mb_64.jpg,60U2-9890
mb_65.jpg,54S8-5489
mb_66.jpg,59T1-84807
mb_67.jpg,49E1-39941
mb_68.jpg,59F1-31469
mb_69.jpg,54S8-5452
mb_70.jpg,59M1-97372
mb_71.jpg,59C1-49684
mb_72.jpg,59T1-85717
mb_73.jpg,54U5-7406
mb_74.jpg,54T1-5417
mb_75.jpg,51F5-8028
mb_76.jpg,59S2-40017
mb_77.jpg,51H3-0234
mb_78.jpg,78H9-2348
mb_79.jpg,59C1-28740
mb_80.jpg,59U1-59897
mb_81.jpg,59F1-15042
mb_82.jpg,59P2-00263
mb_83.jpg,59P1-41818
mb_84.jpg,53Y3-5614
mb_85.jpg,59M1-97582
mb_86.jpg,59C1-06231
mb_87.jpg,59S1-26208
mb_88.jpg,59M1-87668
mb_89.jpg,59U1-74283
mb_90.jpg,59V2-44588
mb_91.jpg,59N1-44291
mb_92.jpg,59V1-92411
mb_93.jpg,59B1-35294
mb_94.jpg,72L2-1703
mb_95.jpg,60B5-58583
mb_96.jpg,30N4-5882
mb_97.jpg,63B1-40991
mb_98.jpg,49B1-45348
mb_99.jpg,59T1-32229
mb_100.jpg,72F1-20741
mb_101.jpg,72K6-7070
mb_102.jpg,59P2-03165
mb_103.jpg,59H1-02876
mb_104.jpg,54S2-2148
mb_105.jpg,59P1-55811
mb_106.jpg,54S1-4959
mb_107.jpg,70B1-32168
mb_108.jpg,81G1-14710
mb_109.jpg,59E1-18310
mb_110.jpg,54N5--6409
mb_111.jpg,51S5-0082
mb_112.jpg,53V7-3196
mb_113.jpg,54R4-7039
mb_114.jpg,60B3-16391
mb_115.jpg,59V1-77832
mb_116.jpg,55P8-9613
mb_117.jpg,54S4-4283
mb_118.jpg,59Z1-27275
mb_119.jpg,59S2-16555
mb_120.jpg,59G1-12671
mb_121.jpg,54L6-4897
mb_122.jpg,59S1-99891
mb_123.jpg,52Y3-5969
mb_124.jpg,59E1-63978
mb_125.jpg,54U5-4316
mb_126.jpg,59T1-88808
mb_127.jpg,59E1-53127
mb_128.jpg,51M2-1719
mb_129.jpg,59T1-18362
mb_130.jpg,63B1-32004
mb_131.jpg,49B1-03126
mb_132.jpg,59L1-67824
mb_133.jpg,52P8-7232
mb_134.jpg,59L1-54063
mb_135.jpg,59N1-73948
mb_136.jpg,94D1-04771
mb_137.jpg,60F1-40494
mb_138.jpg,59S2-01572
mb_139.jpg,59B1-38559
mb_140.jpg,54S8-9169
mb_141.jpg,65X4-4850
mb_142.jpg,51X9-1894
mb_143.jpg,53S6-2722
mb_144.jpg,59U1-11444
mb_145.jpg,59C1-16274
mb_146.jpg,59P2-32334
mb_147.jpg,59M1-97580
mb_148.jpg,78C1-14748
mb_149.jpg,59U1-59897
mb_150.jpg,54V3-9264
mb_151.jpg,59S2-30319
mb_152.jpg,67B1-81846
mb_153.jpg,52Z7-9752
mb_154.jpg,63H5-1336
mb_155.jpg,59S2-08082
mb_156.jpg,59U1-74675
mb_157.jpg,59U1-35226
mb_158.jpg,67C1-05355
mb_159.jpg,59Y1-60811
mb_160.jpg,59T1-27908
mb_161.jpg,59S1-74613
mb_162.jpg,50BA-5557
mb_163.jpg,83C1-17111
mb_164.jpg,59F1-68955
mb_165.jpg,59U1-39619
mb_166.jpg,68X1-21002
mb_167.jpg,59T1-74443
mb_168.jpg,59X2-78848
mb_169.jpg,59Z1-19632
mb_170.jpg,59P1-29381
mb_171.jpg,59V2-15800
mb_172.jpg,47K1-08279
mb_173.jpg,59L1-59150
mb_174.jpg,51H2-4476
mb_175.jpg,59M1-71443
mb_176.jpg,60B7-34176
mb_177.jpg,54T1-2473
mb_178.jpg,54P8-3069
mb_179.jpg,59Y1-02533
mb_180.jpg,77F1-30541
mb_181.jpg,67B1-69660
mb_182.jpg,59P1-33458
mb_183.jpg,59P1-89739
mb_184.jpg,47K2-9950
mb_185.jpg,16M2-6315
mb_186.jpg,53X6-6011
mb_187.jpg,59F1-49759
mb_188.jpg,59S2-28834
mb_189.jpg,59P2-20770
mb_190.jpg,93C1-02079
mb_191.jpg,37E1-19145
mb_192.jpg,69F2-2140
mb_193.jpg,54H1-5326
mb_194.jpg,59V2-16023
mb_195.jpg,63B2-23399
mb_196.jpg,59L2-05442
mb_197.jpg,66P1-5967
mb_198.jpg,59D1-88728
mb_199.jpg,63B3-46905
mb_200.jpg,59E1-53139
mb_201.jpg,59L1-77693
mb_202.jpg,59H1-46704
mb_203.jpg,59A3-08642
mb_204.jpg,54F3-9952
mb_205.jpg,59K1-64227
mb_206.jpg,52T8-5761
mb_207.jpg,59S2-23245
mb_208.jpg,77H1-19025
mb_209.jpg,59P1-97255
mb_210.jpg,54S8-8080
mb_211.jpg,59S2-18904
mb_212.jpg,93P1-06312
mb_213.jpg,59F1-73270
mb_214.jpg,54Z7-3400
mb_215.jpg,54U1-4469
mb_216.jpg,77F1-21626
mb_217.jpg,59P1-85700
mb_218.jpg,86AA-01079
mb_219.jpg,67B1-69660
mb_220.jpg,59L1-13826
mb_221.jpg,60F1-50670
mb_222.jpg,71B1-12522
mb_223.jpg,59P1-89267
mb_224.jpg,47N7-6992
mb_225.jpg,59L2-11500
mb_226.jpg,60B3-34534
mb_227.jpg,51K3-8796
mb_228.jpg,79Z1-5804
mb_229.jpg,59C1-61891
mb_230.jpg,61X2-3244
mb_231.jpg,59M1-89404
mb_232.jpg,54S8-5452
mb_233.jpg,59H1-19466
mb_234.jpg,59T1-55424
mb_235.jpg,47N6-9618
mb_236.jpg,59N1-87957
mb_237.jpg,61N4-0663
mb_238.jpg,59P2-32334
mb_239.jpg,54R2-4924
mb_240.jpg,59L1-82243
mb_241.jpg,48B1-31442
mb_242.jpg,71S5-5600
mb_243.jpg,81H1-2204
mb_244.jpg,49M7-1975
mb_245.jpg,59P1-98663
mb_246.jpg,70EA-00557
mb_247.jpg,59P1-83257
mb_248.jpg,54K4-8147
mb_249.jpg,59E1-29660
mb_250.jpg,51P9-8308
mb_251.jpg,59C2-45928
mb_252.jpg,59C2-01909
mb_253.jpg,59E1-34192
mb_254.jpg,79N2-2094
mb_255.jpg,66L1-26685
mb_256.jpg,60B5-11827
mb_257.jpg,60B1-49139
mb_258.jpg,33M7-3521
mb_259.jpg,59K1-83235
mb_260.jpg,59P2-30351
mb_261.jpg,52H4-8060
mb_262.jpg,59P1-12875
mb_263.jpg,59F1-25123
mb_264.jpg,59U1-78039
mb_265.jpg,59M1-21704
mb_266.jpg,59H1-15793
mb_267.jpg,59H1-19374
mb_268.jpg,59F1-38151
mb_269.jpg,93F1-26479
mb_270.jpg,43G1-13684
mb_271.jpg,59E1-34192
mb_272.jpg,60C1-65829
mb_273.jpg,59Y1-86494
mb_274.jpg,59F1-16711
mb_275.jpg,B5-37011
mb_276.jpg,59M1-54192
mb_277.jpg,55P8-5535
mb_278.jpg,79L4-0995
mb_279.jpg,59P1-52639
mb_280.jpg,54V5-8964
mb_281.jpg,52F3-7458
mb_282.jpg,64Z1-2383
mb_283.jpg,62K5-1250
mb_284.jpg,71C2-36563
mb_285.jpg,59S2-01079
mb_286.jpg,60T7-7586
mb_287.jpg,59F1-18814
mb_288.jpg,54S2-4522
mb_289.jpg,49E1-15383
mb_290.jpg,47C1-05644
mb_291.jpg,59B1-34682
mb_292.jpg,59C7-43689
mb_293.jpg,51S5-7559
mb_294.jpg,59P1-86084
mb_295.jpg,59C1-65331
mb_296.jpg,59A3-03615
mb_297.jpg,59L1-06458
mb_298.jpg,49B1-51183
mb_299.jpg,59E1-72361
mb_300.jpg,54R3-9587
mb_301.jpg,72F1-35507
mb_302.jpg,66P1-5967
mb_303.jpg,59L2-05442
mb_304.jpg,59T1-31340
mb_305.jpg,68LA-00776
mb_306.jpg,60B3-25220
mb_307.jpg,56P2-5963
mb_308.jpg,93F1-17078
mb_309.jpg,49B1-31215
mb_310.jpg,76H1-17550
mb_311.jpg,59E1-42530
mb_312.jpg,59L1-81006
mb_313.jpg,59V2-04212
mb_314.jpg,59C2-24729
mb_315.jpg,93K1-14005
mb_316.jpg,59F1-31316
mb_317.jpg,59Y1-42323
mb_318.jpg,77L1-37372
mb_319.jpg,59C1-31162
mb_320.jpg,59T1-77207
mb_321.jpg,59V2-48612
mb_322.jpg,63B4-36920
mb_323.jpg,66K1-20670
mb_324.jpg,59D1-49489
mb_325.jpg,60B6-28032
mb_326.jpg,59X2-35479
mb_327.jpg,59P2-31316
mb_328.jpg,59Y2-76796
mb_329.jpg,59C2-11894
mb_330.jpg,59T1-08264
mb_331.jpg,54M2-5694
mb_332.jpg,59F1-18461
mb_333.jpg,54L2-4264
mb_334.jpg,59T1-11692
mb_335.jpg,85D1-05960
mb_336.jpg,77L1-00895
mb_337.jpg,54P8-1515
mb_338.jpg,83P1-67560
mb_339.jpg,51S9-1699
mb_340.jpg,47C1-15294
mb_341.jpg,60B1-86436
mb_342.jpg,59L1-89475
mb_343.jpg,59K1-69323
mb_344.jpg,54S7-3211
mb_345.jpg,63B9-63040
mb_346.jpg,59L2-32473
mb_347.jpg,54Y8-8280
mb_348.jpg,59H1-05714
mb_349.jpg,59P1-92893
mb_350.jpg,59V1-91460
mb_351.jpg,59F1-49271
mb_352.jpg,59T1-92715
mb_353.jpg,60B5-55723
mb_354.jpg,59Y1-73281
mb_355.jpg,72C1-12511
mb_356.jpg,59V2-45387
mb_357.jpg,59F1-38151
mb_358.jpg,59V1-07473
mb_359.jpg,37K4-6713
mb_360.jpg,54T5-4498
mb_361.jpg,59B1-01554
mb_362.jpg,85S1-5378
mb_363.jpg,59F1-03055
mb_364.jpg,76H1-17550
mb_365.jpg,72C1-52693
mb_366.jpg,60B8-16455
mb_367.jpg,59D1-49489
mb_368.jpg,59X2-36167
mb_369.jpg,59P2-11073
mb_370.jpg,81G1-13556
mb_371.jpg,54S5-8960
mb_372.jpg,59P1-87149
mb_373.jpg,59H1-67791
mb_374.jpg,59K1-14468
mb_375.jpg,59F1-54573
mb_376.jpg,72X1-8179
mb_377.jpg,59U1-70392
mb_378.jpg,72L6-3974
mb_379.jpg,59Y1-87304
mb_380.jpg,59V1-52755
mb_381.jpg,59P2-14706
mb_382.jpg,66G1-15723
mb_383.jpg,76D1-24027
mb_384.jpg,52M9-0589
mb_385.jpg,77M6-3369
mb_386.jpg,52P2-0878
mb_387.jpg,74K1-5866
mb_388.jpg,79N1-79117
mb_389.jpg,59M1-76054
mb_390.jpg,59F1-68564
mb_391.jpg,61B1-31345
mb_392.jpg,59K1-40650
mb_393.jpg,49K1-07320
mb_394.jpg,59P2-32334
mb_395.jpg,59U1-84366
mb_396.jpg,59H1-04425
mb_397.jpg,50N1-07428
mb_398.jpg,47K2-9950
mb_399.jpg,47C1-13770
mb_400.jpg,59T1-86782
mb_401.jpg,59K1-02625
mb_402.jpg,51L2-0352
mb_403.jpg,61C1-52787
mb_404.jpg,59E1-25297
mb_405.jpg,51R3-0737
mb_406.jpg,59D1-20255
mb_407.jpg,59T1-08264
mb_408.jpg,60C2-00684
mb_409.jpg,52Y6-5446
mb_410.jpg,86B1-14630
mb_411.jpg,59U1-56529
mb_412.jpg,59V1-55320
mb_413.jpg,59U1-62231
mb_414.jpg,61B1-36588
mb_415.jpg,59T1-29613
mb_416.jpg,59G1-86895
mb_417.jpg,51S2-5013
mb_418.jpg,52U4-9980
mb_419.jpg,59F1-75291
mb_420.jpg,59E1-13417
mb_421.jpg,72F1-31144
mb_422.jpg,59V2-34815
mb_423.jpg,59T1-00381
mb_424.jpg,59F1-13860
mb_425.jpg,38Z1-0084
mb_426.jpg,62K1-17929
mb_427.jpg,59S1-35252
mb_428.jpg,72C1-70989
mb_429.jpg,54V7-9675
mb_430.jpg,59M1-90208
mb_431.jpg,59S1-95762
mb_432.jpg,59F1-56129
mb_433.jpg,72K5-9221
mb_434.jpg,59N1-00018
mb_435.jpg,67M2-3789
mb_436.jpg,59G1-61590
mb_437.jpg,59U1-51595
mb_438.jpg,51T4-2133
mb_439.jpg,60FL-7420
mb_440.jpg,59L1-84759
mb_441.jpg,61H5-9381
mb_442.jpg,59X1-69592
mb_443.jpg,59K1-90300
mb_444.jpg,59F1-03055
mb_445.jpg,54N9-5449
mb_446.jpg,60B9-15781
mb_447.jpg,59U1-39997
mb_448.jpg,59V2-00285
mb_449.jpg,51L6-8446
mb_450.jpg,49B1-20807
mb_451.jpg,59Y1-44665
mb_452.jpg,55P6-2004
mb_453.jpg,49B1-32870
mb_454.jpg,67M2-5949
mb_455.jpg,54H1-4882
mb_456.jpg,51R4-2488
mb_457.jpg,59TA-00329
mb_458.jpg,54P4-8871
mb_459.jpg,52P2-8146
mb_460.jpg,59H1-67791
mb_461.jpg,94H4-1831
mb_462.jpg,52Z7-9752
mb_463.jpg,59E1-12903
mb_464.jpg,59FA-00591
mb_465.jpg,59FA-00982
mb_466.jpg,59C1-31162
mb_467.jpg,59U1-59175
mb_468.jpg,59C2-46633
mb_469.jpg,51R3-2161
mb_470.jpg,59S2-32928
mb_471.jpg,59M7-36452
mb_472.jpg,59M1-90977
mb_473.jpg,59L1-44802
mb_474.jpg,93P1-17409
mb_475.jpg,59T1-53668
mb_476.jpg,59E1-56347
mb_477.jpg,37M1-07918
mb_478.jpg,59E1-58720
mb_479.jpg,92D1-42705
mb_480.jpg,86B3-40430
mb_481.jpg,59P1-25512
mb_482.jpg,59M1-94458
mb_483.jpg,68H7-4213
mb_484.jpg,54S4-6869
mb_485.jpg,59P1-78999
mb_486.jpg,59E1-08670
mb_487.jpg,52S2-4832
mb_488.jpg,59V2-00884
mb_489.jpg,77F1-25389
mb_490.jpg,59F1-65171
mb_491.jpg,59D2-17148
mb_492.jpg,59F1-70424
mb_493.jpg,43S6-0133
mb_494.jpg,54N6-4172
mb_495.jpg,71B2-51318
mb_496.jpg,51K2-1103
mb_497.jpg,59C2-59392
mb_498.jpg,59M1-70791
mb_499.jpg,51L3-4827
mb_500.jpg,59P2-31316
mb_501.jpg,67C1-08347
mb_502.jpg,63B2-16353
mb_503.jpg,59N1-47102
mb_504.jpg,47B1-42872
mb_505.jpg,59C1-65331
mb_506.jpg,59S2-31606
mb_507.jpg,59C2-56237
mb_508.jpg,54L2-4264
mb_509.jpg,49K1-07320
mb_510.jpg,59C2-42200
mb_511.jpg,79Z1-5804
mb_512.jpg,59N2-09050
mb_513.jpg,59D1-85619
mb_514.jpg,59D1-46288
mb_515.jpg,86C1-33139
mb_516.jpg,59U1-77792
mb_517.jpg,59H1-47751
mb_518.jpg,59F1-38151
mb_519.jpg,59F1-45842
mb_520.jpg,61D1-07911
mb_521.jpg,29D1-63516
mb_522.jpg,54T3-0255
mb_523.jpg,59S1-24831
mb_524.jpg,59E1-17936
mb_525.jpg,54L3-6961
mb_526.jpg,59F1-20066
mb_527.jpg,54S2-5505
mb_528.jpg,59V1-09869
mb_529.jpg,59E1-03640
mb_530.jpg,59T1-05297
mb_531.jpg,60B7-15461
mb_532.jpg,59X1-54497
mb_533.jpg,71H8-8424
mb_534.jpg,51R5-6273
mb_535.jpg,59C1-05899
mb_536.jpg,59B1-31149
mb_537.jpg,59S1-78384
mb_538.jpg,16M9-0826
mb_539.jpg,59Y1-67452
mb_540.jpg,60B3-22083
mb_541.jpg,59P2-11179
mb_542.jpg,84K3-4900
mb_543.jpg,59B1-33968
mb_544.jpg,49K1-27144
mb_545.jpg,59V1-67747
mb_546.jpg,54R4-7039
mb_547.jpg,54L6-9606
mb_548.jpg,59F1-58405
mb_549.jpg,59C1-62293
mb_550.jpg,59K1-99217
mb_551.jpg,59L1-00246
mb_552.jpg,86B6-21890
mb_553.jpg,60B5-52333
mb_554.jpg,59U1-49726
mb_555.jpg,54L5-9913
mb_556.jpg,59U1-72979
mb_557.jpg,59T1-55500
mb_558.jpg,78E1-24113
mb_559.jpg,52N5-2030
mb_560.jpg,77H6-2229
mb_561.jpg,59C2-41473
mb_562.jpg,59H1-19374
mb_563.jpg,59N1-76049
mb_564.jpg,52U7-8693
mb_565.jpg,59P2-20947
mb_566.jpg,63Y1-0200
mb_567.jpg,59H1-55556
mb_568.jpg,63H5-4588
mb_569.jpg,59V2-43654
mb_570.jpg,51H4-9707
mb_571.jpg,59S2-46039
mb_572.jpg,59X1-37438
mb_573.jpg,59F1-36564
mb_574.jpg,51S9-3114
mb_575.jpg,65F1-31532
mb_576.jpg,60B7-36638
mb_577.jpg,29B1-10559
mb_578.jpg,59B1-33872
mb_579.jpg,59B1-40870
mb_580.jpg,52U4-0050
mb_581.jpg,54T1-7232
mb_582.jpg,59V1-85584
mb_583.jpg,59M1-90208
mb_584.jpg,81G1-00665
mb_585.jpg,47H7-5226
mb_586.jpg,60B9-38385
mb_587.jpg,43H1-6799
mb_588.jpg,66M6-5519
mb_589.jpg,68K4-9407
mb_590.jpg,92N1-03003
mb_591.jpg,59T1-79742
mb_592.jpg,59M1-87668
mb_593.jpg,59N1-25521
mb_594.jpg,59S1-94422
mb_595.jpg,54N4-6324
mb_596.jpg,62H2-7327
mb_597.jpg,59B1-29117
mb_598.jpg,78N2-5941
mb_599.jpg,60Z7-7813
mb_600.jpg,67L1-06669
type1_000.jpg,51L-33660
type1_001.jpg,28H-6758
type1_002.jpg,36C-48794
type1_003.jpg,35A-33333
type1_004.jpg,60C-65108
type1_005.jpg,60K-48458
type1_006.jpg,60A-41840
type1_007.jpg,92H-0621
type1_008.jpg,60C-68461
type1_009.jpg,60A-15418
type1_010.jpg,60K-34161
type1_011.jpg,60C-38128
type1_012.jpg,60C-67806
type1_013.jpg,51D-57937
type1_014.jpg,60A-25586
type1_015.jpg,60K-06248
type1_016.jpg,29A-00097
type1_017.jpg,60P-2345
type1_018.jpg,93C-06667
type1_019.jpg,60C-62283
type1_020.jpg,51C-32368
type1_021.jpg,60A-90771
type1_022.jpg,60A-38470
type1_023.jpg,60K-10229
type1_024.jpg,51G-44962
type1_025.jpg,51H-18636
type1_026.jpg,51K-49862
type1_027.jpg,67A-06969
type1_028.jpg,51K-17506
type1_029.jpg,60A-61028
type1_030.jpg,51L-29327
type1_031.jpg,51L-28910
type1_032.jpg,51L-29478
type1_033.jpg,51A-54097
type1_034.jpg,60A-66342
type1_035.jpg,60A-80612
type1_036.jpg,51A-95346
type1_037.jpg,60A-20487
type1_038.jpg,60A-00279
type1_039.jpg,60A-06998
type1_040.jpg,60K-04603
type1_041.jpg,60A-37712
type1_042.jpg,51C-70153
type1_043.jpg,60C-62408
type1_044.jpg,60A-35792
type1_045.jpg,60C-38006
type1_046.jpg,62L-9999
type1_047.jpg,30L-27132
type1_048.jpg,29H-00046
type1_049.jpg,14A-45678
type1_050.jpg,30L-00802
type1_051.jpg,30K-60668
type1_052.jpg,56S-0989
type1_053.jpg,30L-01689
type1_054.jpg,30G-72976
type1_055.jpg,99A-09999
type1_056.jpg,29A-13318
type1_057.jpg,29K-10831
type1_058.jpg,29Z-5598
type1_059.jpg,30K-10414
type1_060.jpg,30K-30665
type1_061.jpg,30L-0401
type1_062.jpg,30A-68021
type1_063.jpg,30A-71446
type1_064.jpg,30K-65563
type1_065.jpg,30H-69955
type1_066.jpg,30F-76961
type1_067.jpg,30L-00871
type1_068.jpg,30F-28184
type1_069.jpg,30H-55475
type1_070.jpg,24A-22252
type1_071.jpg,30H-60624
type1_072.jpg,30F-99991
type1_073.jpg,29Z-4871
type1_074.jpg,68A-25328
type1_075.jpg,30K-38420
type1_076.jpg,30F-12440
type1_077.jpg,24A-12667
type1_078.jpg,30A-14053
type1_079.jpg,29A-16668
type1_080.jpg,30Y-7528
type1_081.jpg,30E-44802
type1_082.jpg,31F-1892
type1_083.jpg,30K-40372
type1_084.jpg,15D-01122
type1_085.jpg,30F-59873
type1_086.jpg,51A-68345
type1_087.jpg,30E-64567
type1_088.jpg,30E-67922
type1_089.jpg,30E-30687
type1_090.jpg,30F-93690
type1_091.jpg,30A-42083
type1_092.jpg,30H-18730
type1_093.jpg,30H-36405
type1_094.jpg,30V-4833
type1_095.jpg,30H-20658
type1_096.jpg,51E-20338
type1_097.jpg,29A-45753
type1_098.jpg,29A-22360
type1_099.jpg,18T-3197
type1_100.jpg,29A-35322
type1_101.jpg,30E-13469
type1_102.jpg,29H-44440
type1_103.jpg,29K-15353
type1_104.jpg,29A-94363
type1_105.jpg,29A-99925
type1_106.jpg,30F-39928
type1_107.jpg,30E-41742
type1_108.jpg,30A-54861
type1_109.jpg,30H-94349
type1_110.jpg,29C-00410
type1_111.jpg,29S-9307
type1_112.jpg,30E-11816
type1_113.jpg,29K-07196
type1_114.jpg,30X-9809
type1_115.jpg,30G-14574
type1_116.jpg,30F-42887
type1_117.jpg,30P-6953
type1_118.jpg,29N-4258
type1_119.jpg,30A-84170
type1_120.jpg,30K-62707
type1_121.jpg,30E-32328
type1_122.jpg,30G-10339
type1_123.jpg,30A-50530
type1_124.jpg,29C-41332
type1_125.jpg,30G-81647
type1_126.jpg,30G-85566
type1_127.jpg,29X-4135
type1_128.jpg,29A-72024
type1_129.jpg,34A-67343
type1_130.jpg,30L-12402
type1_131.jpg,30K-94248
type1_132.jpg,30K-92976
type1_133.jpg,29C-72552
type1_134.jpg,36A-92313
type1_135.jpg,30E-21844
type1_136.jpg,30L-05874
type1_137.jpg,30F-47212
type1_138.jpg,88C-17330
type1_139.jpg,30K-80509
type1_140.jpg,30L-11619
type1_141.jpg,60A-37974
type1_142.jpg,60A-03322
type1_143.jpg,60A-60793
type1_144.jpg,51K-48172
type1_145.jpg,60A-66417
type1_146.jpg,64A-10952
type1_147.jpg,60A-47945
type1_148.jpg,60K-44202
type1_149.jpg,60A-88525
type1_150.jpg,60A-15012
type1_151.jpg,51A-15676
type1_152.jpg,60N-3173
type1_153.jpg,60C-21987
type1_154.jpg,60K-31693
type1_155.jpg,29A-78294
type1_156.jpg,60K-46587
type1_157.jpg,61A-91586
type1_158.jpg,15A-54405
type1_159.jpg,60K-33196
type1_160.jpg,52F-7369
type1_161.jpg,60K-17523
type1_162.jpg,60A-94887
type1_163.jpg,60V-6991
type1_164.jpg,60K-12381
type1_165.jpg,60A-89619
type1_166.jpg,60A-34290
type1_167.jpg,30L-56954
type1_168.jpg,30L-51143
type1_169.jpg,30L-40032
type1_170.jpg,37D-01104
type1_171.jpg,99A-66744
type1_172.jpg,30A-45879
type1_173.jpg,30F-49351
type1_174.jpg,30A-50313
type1_175.jpg,30H-88279
type1_176.jpg,30G-57325
type1_177.jpg,99A-08912
type1_178.jpg,30H-51936
type1_179.jpg,30K-66901
type1_180.jpg,29H-34118
type1_181.jpg,30A-60868
type1_182.jpg,30L-32017
type1_183.jpg,30E-20024
type1_184.jpg,89A-12380
type1_185.jpg,88C-11112
type1_186.jpg,36K-17238
type1_187.jpg,36A-33901
type1_188.jpg,36A-34826
type1_189.jpg,36A-83051
type1_190.jpg,36A-09661
type1_191.jpg,36A-33573
type1_192.jpg,36C-30657
type1_193.jpg,36A-28334
type1_194.jpg,36A-83018
type1_195.jpg,36K-18931
type1_196.jpg,36A-75205
type1_197.jpg,36A-78658
type1_198.jpg,36A-46128
type1_199.jpg,30E-47564
type1_200.jpg,36A-24140
type1_201.jpg,36A-43514
type1_202.jpg,30F-59231
type1_203.jpg,36A-34266
type1_204.jpg,36A-98581
type1_205.jpg,36A-43395
type1_206.jpg,36A-24734
type1_207.jpg,38A-48131
type1_208.jpg,36A-31089
type1_209.jpg,36A-00252
type1_210.jpg,36A-51075
type1_211.jpg,36K-07112
type1_212.jpg,36A-40196
type1_213.jpg,36A-53162
type1_214.jpg,36A-32638
type1_215.jpg,30A-24668
type1_216.jpg,36A-73603
type1_217.jpg,36A-86132
type1_218.jpg,36A-41286
type1_219.jpg,36A-55888
type1_220.jpg,30F-51014
type1_221.jpg,36A-12986
type1_222.jpg,36A-53805
type1_223.jpg,36A-66736
type1_224.jpg,36A-61218
type1_225.jpg,36A-20993
type1_226.jpg,36A-41126
type1_227.jpg,36A-62025
type1_228.jpg,36A-69573
type1_229.jpg,29A-25525
type1_230.jpg,36K-03981
type1_231.jpg,30A-98577
type1_232.jpg,36A-76530
type1_233.jpg,30G-75051
type1_234.jpg,36A-86304
type1_235.jpg,51K-06882
type1_236.jpg,52Z-2494
type1_237.jpg,60K-18812
type1_238.jpg,60C-40521
type1_239.jpg,60A-99432
type1_240.jpg,60K-14891
type1_241.jpg,60A-75137
type1_242.jpg,43A-62186
type1_243.jpg,60K-33202
type1_244.jpg,60K-01413
type1_245.jpg,72A-12142
type1_246.jpg,60A-57299
type1_247.jpg,60A-39119
type1_248.jpg,54X-4876
type1_249.jpg,60K-32518
type1_250.jpg,60A-87497
type1_251.jpg,61C-45148
type1_252.jpg,60A-04038
type1_253.jpg,51D-73653
type1_254.jpg,60A-14651
type1_255.jpg,60A-88220
type1_256.jpg,51K-92980
type1_257.jpg,60A-57840
type1_258.jpg,60K-38464
type1_259.jpg,60L-3428
type1_260.jpg,29B-17168
type1_261.jpg,36C-39367
type1_262.jpg,36A-21629
type1_263.jpg,36C-38924
type1_264.jpg,37D-02799
type1_265.jpg,36A-34676
type1_266.jpg,98A-58521
type1_267.jpg,36A-16478
type1_268.jpg,30A-25013
type1_269.jpg,14A-41556
type1_270.jpg,36C-34543
type1_271.jpg,36A-74398
type1_272.jpg,30A-82734
type1_273.jpg,30K-08553
type1_274.jpg,30H-79221
type1_275.jpg,51A-80161
type1_276.jpg,24A-03349
type1_277.jpg,30G-23742
type1_278.jpg,30E-45984
type1_279.jpg,30E-64137
type1_280.jpg,30K-95320
type1_281.jpg,30F-88414
type1_282.jpg,30F-29258
type1_283.jpg,30A-06500
type1_284.jpg,30E-66055
type1_285.jpg,19A-33081
type1_286.jpg,30A-38524
type1_287.jpg,30G-32840
type1_288.jpg,30E-89223
type1_289.jpg,30K-21101
type1_290.jpg,36A-86224
type1_291.jpg,30K-91147
type1_292.jpg,30H-71839
type1_293.jpg,97A-08802
type1_294.jpg,30K-49702
type1_295.jpg,29A-87268
type1_296.jpg,37C-18064
type1_297.jpg,29K-05948
type1_298.jpg,29K-23541
type1_299.jpg,30L-62402
type1_300.jpg,51L-11111
type1_301.jpg,72A-68873
type1_302.jpg,51F-85260
type1_303.jpg,51G-81119
type1_306.jpg,51L-03217
type1_307.jpg,30E-51897
type1_308.jpg,30E-51897
type1_309.jpg,43A-78519
type1_310.jpg,43A-78519
type1_311.jpg,51G-73847
type1_312.jpg,51A-35839
type1_313.jpg,30L-05329
type1_314.jpg,51A-35600
type1_315.jpg,51H-61258
type1_316.jpg,72M-5752
type1_317.jpg,51K-17355
type1_318.jpg,51G-26055
type1_319.jpg,60K-29967
type1_320.jpg,60K-30642
type1_321.jpg,60A-52534
type1_322.jpg,60K-39907
type1_323.jpg,60A-21242
type1_324.jpg,60A-32660
type1_325.jpg,60A-42895
type1_326.jpg,61C-48755
type1_327.jpg,70A-2679
type1_328.jpg,51K-96606
type1_329.jpg,51L-41296
type1_330.jpg,51K-25672
type1_331.jpg,83A-15344
type1_332.jpg,51K-03119
type1_333.jpg,51K-03119
type1_334.jpg,51D-91034
type1_335.jpg,51K-59352
type1_336.jpg,60A-61074
type1_337.jpg,60A-82692
type1_338.jpg,60A-66438
type1_339.jpg,51K-39052
type1_340.jpg,60A-88468
type1_341.jpg,60K-18617
type1_342.jpg,60C-62746
type1_343.jpg,60K-23950
type1_344.jpg,61K-20295
type1_345.jpg,60A-98505
type1_346.jpg,60A-58328
type1_347.jpg,60C-70845
type1_348.jpg,60A-52621
type1_349.jpg,60A-45947
type1_350.jpg,60K-36053
type1_351.jpg,51H-20812
type1_352.jpg,60A-55599
type1_353.jpg,66S-6296
type1_354.jpg,60C-68598
type1_355.jpg,60K-12311
type1_356.jpg,60A-63799
type1_357.jpg,60K-31542
type1_358.jpg,61A-91265
type1_359.jpg,60K-26605
type1_360.jpg,60A-85302
type1_361.jpg,60C-38754
type1_362.jpg,60S-0678
type1_363.jpg,61C-48103
type1_364.jpg,60K-19203
type1_365.jpg,60A-41296
type1_366.jpg,72A-11182
type1_367.jpg,60A-69386
type1_368.jpg,60A-14565
type1_369.jpg,62A-34776
type1_370.jpg,60A-73315
type1_371.jpg,38C-18853
type1_372.jpg,63A-19487
type1_373.jpg,51G-77469
type1_374.jpg,51G-23115
type1_375.jpg,60S-0559
type1_376.jpg,60K-00211
type1_377.jpg,61K-25359
type1_378.jpg,52T-8391
type1_379.jpg,51D-36644
type1_380.jpg,51D-54401
type1_381.jpg,61K-9999
type1_382.jpg,36A-71198
type1_383.jpg,30E-05686
type1_384.jpg,29T-3490
type1_385.jpg,30L-37363
type1_386.jpg,30A-50399
type1_387.jpg,30K-81752
type1_388.jpg,29A-32457
type1_389.jpg,30F-45742
type1_390.jpg,30K-19704
type1_391.jpg,30K-13192
type1_392.jpg,15K-11214
type1_393.jpg,29K-08207
type1_394.jpg,30K-67096
type1_395.jpg,30H-69333
type1_396.jpg,11A-07960
type1_397.jpg,30K-44926
type1_398.jpg,29H-40095
type1_399.jpg,88C-29537
type1_400.jpg,29C-88493
type1_401.jpg,51A-59379
type1_402.jpg,51K-74969
type1_403.jpg,30H-95337
type1_404.jpg,29A-83114
type1_405.jpg,30F-70414
type1_406.jpg,30E-26175
type1_407.jpg,30K-70097
type1_408.jpg,51K-40112
type1_409.jpg,30L-40513
type1_410.jpg,30G-13388
type1_411.jpg,29A-39999
type1_412.jpg,30F-73839
type1_413.jpg,30F-26754
type1_414.jpg,30K-32691
type1_415.jpg,30K-31904
type1_416.jpg,30F-39718
type1_417.jpg,30V-0918
type1_418.jpg,30K-63640
type1_419.jpg,18A-15191
type1_420.jpg,30H-18569
type1_421.jpg,89A-28394
type1_422.jpg,30T-7701
type1_423.jpg,30H-48602
type1_424.jpg,60C-61625
type1_425.jpg,60C-58378
type1_426.jpg,51F-13266
type1_427.jpg,30E-86130
type1_428.jpg,30A-45501
type1_429.jpg,60K-11528
type1_430.jpg,60K-34049
type1_431.jpg,60A-17390
type1_432.jpg,60A-56378
type1_433.jpg,60A-44238
type1_434.jpg,60K-18520
type1_435.jpg,60K-44110
type1_436.jpg,60A-47279
type1_437.jpg,60M-0898
type1_438.jpg,61A-72716
type1_439.jpg,60A-47969
type1_440.jpg,60A-76151
type1_441.jpg,60K-27874
type1_442.jpg,60C-45130
type1_443.jpg,51K-95192
type1_444.jpg,60K-36740
type1_445.jpg,51G-40118
type1_446.jpg,60K-40535
type1_447.jpg,60A-79301
type1_448.jpg,60A-31449
type1_449.jpg,61K-29208
type1_450.jpg,60K-39440
type1_451.jpg,60B-02516
type1_452.jpg,60A-69359
type1_453.jpg,60A-37451
type1_454.jpg,60A-92775
type1_455.jpg,60K-12238
type1_456.jpg,51F-36579
type1_457.jpg,51D-61603
type1_458.jpg,60C-46680
type1_459.jpg,81C-13687
type1_460.jpg,51B-06570
type1_461.jpg,53S-0780
type1_462.jpg,51H-04163
type1_463.jpg,30A-00348
type1_464.jpg,51G-89269
type1_465.jpg,51D-22735
type1_466.jpg,61A-39841
type1_467.jpg,72N-8287
type1_468.jpg,52M-7812
type1_469.jpg,83K-1542
type1_470.jpg,52M-7812
type1_471.jpg,47B-02373
type1_472.jpg,53N-5338
type1_473.jpg,37C-08284
type1_474.jpg,51B-19230
type1_475.jpg,61C-24120
type1_476.jpg,60A-97524
type1_477.jpg,60A-96794
type1_478.jpg,60C-47871
type1_479.jpg,93A-24156
type1_480.jpg,60B-04635
type1_481.jpg,60K-12438
type1_482.jpg,60A-00083
type1_483.jpg,60K-29484
type1_484.jpg,30E-68739
type1_485.jpg,60K-31868
type1_486.jpg,60K-29303
type1_487.jpg,60A-04647
type1_488.jpg,60K-34880
type1_489.jpg,60A-21309
type1_490.jpg,60K-18558
type1_491.jpg,60A-65682
type1_492.jpg,60A-72120
type1_493.jpg,60C-49911
type1_494.jpg,60C-10279
type1_495.jpg,60C-16379
type1_496.jpg,60V-3768
type1_497.jpg,51K-10043
type1_498.jpg,60C-70767
type1_499.jpg,60A-50110
type1_500.jpg,30E-82549
type1_501.jpg,12A-15348
type1_502.jpg,30L-90289
type1_503.jpg,30G-25009
type1_504.jpg,99K-9752
type1_505.jpg,30E-34984
type1_506.jpg,29D-50250
type1_507.jpg,29A-70408
type1_508.jpg,75D-00511
type1_509.jpg,49H-8393
type1_510.jpg,57H-3022
type1_511.jpg,51K-80999
type1_512.jpg,60C-61507
type1_513.jpg,51D-34005
type1_514.jpg,60A-65891
type1_515.jpg,60A-66340
type1_516.jpg,60C-51996
type1_517.jpg,51H-15869
type1_518.jpg,60A-87475
type1_519.jpg,60C-66494
type1_520.jpg,60A-89594
type1_521.jpg,61C-51436
type1_522.jpg,60K-23503
type1_523.jpg,79H-5463
type1_524.jpg,60A-04177
type1_525.jpg,60A-34570
type1_526.jpg,60A-39293
type1_527.jpg,51H-79037
type1_528.jpg,60A-40261
type1_529.jpg,51D-79176
type1_530.jpg,60K-44718
type1_531.jpg,60L-2155
type1_532.jpg,60A-63369
type1_533.jpg,51L-14236
type1_534.jpg,60K-16739
type1_535.jpg,60A-60849
type1_536.jpg,60P-1324
type1_537.jpg,51L-01593
type1_538.jpg,61C-54432
type1_539.jpg,60K-46423
type1_540.jpg,60A-69372
type1_541.jpg,60A-96220
type1_542.jpg,30G-05615
type1_543.jpg,30H-02994
type1_544.jpg,29C-62015
type1_545.jpg,30A-53985
type1_546.jpg,30F-34415
type1_547.jpg,30F-81145
type1_548.jpg,30F-90620
type1_549.jpg,30K-92827
type1_550.jpg,30H-05759
type1_551.jpg,29C-94597
type1_552.jpg,30G-33368
type1_553.jpg,30F-42520
type1_554.jpg,30G-14598
type1_555.jpg,30K-58904
type1_556.jpg,36C-42819
type1_557.jpg,30L-43176
type1_558.jpg,29C-31275
type1_559.jpg,29H-42947
type1_560.jpg,30H-53825
type1_561.jpg,98B-03877
type1_562.jpg,30H-67092
type1_563.jpg,30F-99746
type1_564.jpg,30E-28271
type1_565.jpg,30K-78582
type1_566.jpg,29A-02250
type1_567.jpg,30K-09244
type1_568.jpg,29C-35289
type1_569.jpg,34A-17935
type1_570.jpg,30A-36080
type1_571.jpg,30K-08887
type1_572.jpg,51L-04666
type1_573.jpg,51L-04666
type1_574.jpg,30F-60527
type1_575.jpg,60A-29914
type1_576.jpg,61A-07107
type1_577.jpg,60A-22890
type1_578.jpg,60A-50930
type1_579.jpg,60C-59568
type1_580.jpg,60A-58477
type1_581.jpg,60A-80189
type1_582.jpg,60C-64574
type1_583.jpg,60A-40031
type1_584.jpg,60A-00557
type1_585.jpg,60A-46201
type1_586.jpg,60A-75087
type1_587.jpg,60A-74458
type1_588.jpg,49A-47372
type1_589.jpg,60K-39501
type1_590.jpg,52Z-7222
type1_591.jpg,60K-02645
type1_592.jpg,60B-06075
type1_593.jpg,70A-2679
type1_595.jpg,70A-5157
type1_596.jpg,56L-1884
type1_597.jpg,37A-40334
type1_598.jpg,68C-16666
type1_599.jpg,51K-40559
type1_601.jpg,51D-34931
type1_603.jpg,30G-41952
type1_604.jpg,61C-38105
type1_605.jpg,79C-10709
type1_606.jpg,30K-81220
type1_607.jpg,30G-82691
type1_608.jpg,51G-11111
type1_609.jpg,30K-47133
type1_610.jpg,51L-81111
type1_611.jpg,51H-90817
type1_612.jpg,29E-00001
type1_613.jpg,51K-94091
type1_614.jpg,51K-62950
type1_615.jpg,51H-85476
type1_616.jpg,51H-85476
type1_617.jpg,51H-93840
type1_618.jpg,51K-97982
type1_619.jpg,51K-97982
type1_620.jpg,51K-91933
type1_621.jpg,51H-08849
type1_622.jpg,51K-93450
type1_623.jpg,30L-09057
type1_624.jpg,34A-60698
type1_625.jpg,30K-90016
type1_626.jpg,29A-97435
type1_627.jpg,30F-34018
type1_628.jpg,17A-16717
type1_629.jpg,30E-02492
type1_630.jpg,30F-51906
type1_631.jpg,30L-82668
type1_632.jpg,30G-18974
type1_633.jpg,98A-20725
type1_634.jpg,30H-65274
type1_635.jpg,30K-56909
type1_636.jpg,30G-25711
type1_637.jpg,29K-06510
type1_638.jpg,30L-54121
type1_639.jpg,98A-77607
type1_640.jpg,30E-21354
type1_641.jpg,30F-17513
type1_642.jpg,29H-12756
type1_643.jpg,30U-7485
type1_644.jpg,30K-32106
type1_645.jpg,30L-07895
type1_646.jpg,30L-04064
type1_647.jpg,30A-10504
type1_648.jpg,30G-93186
type1_649.jpg,29K-22763
type1_650.jpg,30F-97571
type1_651.jpg,29A-48595
type1_652.jpg,29H-06838
type1_653.jpg,51G-95959
type1_654.jpg,72A-79820
type1_655.jpg,61A-97920
type1_656.jpg,19A-59745
type1_657.jpg,77A-08407
type1_658.jpg,51H-16023
type1_659.jpg,79A-43657
type1_660.jpg,14A-86333
type1_662.jpg,52Z-3335
type1_663.jpg,51L-59911
type1_664.jpg,51K-91100
type1_665.jpg,51K-35231
type1_666.jpg,51K-35231
type1_667.jpg,29A-97542
type1_668.jpg,51H-26502
type1_669.jpg,51H-22451
type1_670.jpg,51A-81888
type1_671.jpg,51L-47862
type1_672.jpg,51A-56756
type1_673.jpg,51L-39911
type1_674.jpg,72A-59637
type1_675.jpg,51H-08999
type1_676.jpg,62A-38346
type1_677.jpg,29E-00001
type1_678.jpg,51L-20202
type1_679.jpg,51H-90817
type1_680.jpg,51F-58113
type1_682.jpg,51L-29666
type1_683.jpg,51H-31133
type1_684.jpg,51H-08849
type1_685.jpg,51K-91933
type1_686.jpg,51K-93450
type1_687.jpg,51L-40524
type1_688.jpg,94C-07601
type1_689.jpg,29B-50080
type1_690.jpg,88A-06343
type1_691.jpg,29X-2790
type1_692.jpg,29B-30469
type1_693.jpg,30H-66968
type1_694.jpg,34A-72796
type1_695.jpg,19C-08858
type1_696.jpg,17A-34642
type1_697.jpg,30E-69917
type1_698.jpg,30L-09570
type1_699.jpg,30E-59721
type1_700.jpg,30K-06171
type1_701.jpg,30G-39666
type1_702.jpg,29B-11647
type1_703.jpg,30L-54048
type1_704.jpg,30K-84695
type1_705.jpg,30F-89387
type1_706.jpg,30G-55416
type1_707.jpg,30L-25753
type1_708.jpg,30A-70770
type1_709.jpg,30G-22937
type1_710.jpg,29H-25869
type1_711.jpg,30F-59425
type1_712.jpg,30F-40730
type1_713.jpg,30A-39337
type1_714.jpg,30H-68941
type1_715.jpg,30K-89894
type1_716.jpg,30E-21290
type1_717.jpg,15K-32266
type1_718.jpg,29A-25292
type1_719.jpg,30A-72082
type1_720.jpg,30E-23202
type1_721.jpg,30K-15012
type1_722.jpg,34A-26736
type1_723.jpg,17A-39884
type1_724.jpg,99A-70106
type1_725.jpg,30G-08198
type1_726.jpg,19A-60991
type1_727.jpg,30L-32294
type1_728.jpg,51F-21654
type1_729.jpg,33M-5599
type1_730.jpg,15A-77398
type1_731.jpg,30K-89071
type1_732.jpg,30H-56386
type1_733.jpg,51G-64771
type1_734.jpg,29H-47077
type1_735.jpg,97A-06014
type1_736.jpg,34A-13934
type1_737.jpg,30F-38628
type1_738.jpg,34A-43530
type1_739.jpg,30K-02781
type1_740.jpg,30H-45668
type1_741.jpg,30L-4068
type1_742.jpg,30M-00012
type1_743.jpg,30M-00012
type1_744.jpg,51H-05215
type1_745.jpg,51L-22941
type1_746.jpg,51K-16067
type1_747.jpg,51A-93830
type1_748.jpg,51A-09889
type1_750.jpg,51F-66212
type1_751.jpg,51K-89870
type1_752.jpg,30F-99854
type1_753.jpg,51K-40820
type1_754.jpg,51K-30522
type1_755.jpg,51K-22843
type1_756.jpg,51K-74637
type1_757.jpg,51K-30377
type1_758.jpg,51A-28988
type1_759.jpg,51K-33939
type1_760.jpg,51K-33939
type1_761.jpg,51A-28988
type1_762.jpg,51K-30377
type1_763.jpg,51K-74637
type1_764.jpg,51K-30522
type1_765.jpg,51K-22843
type1_766.jpg,30F-99854
type1_767.jpg,51K-40820
type1_768.jpg,51F-66212
type1_769.jpg,51K-89870
type1_770.jpg,30F-99858
type1_771.jpg,51A-09889
type1_772.jpg,51A-93830
type1_773.jpg,51K-16067
type1_774.jpg,51L-22941
type1_775.jpg,51H-05215
type1_776.jpg,51H-67694
type1_777.jpg,51K-48353
type1_778.jpg,51H-19508
type1_779.jpg,72A-76781
type1_780.jpg,51L-39647
type1_781.jpg,51G-79512
type1_782.jpg,51K-04747
type1_783.jpg,51L-46831
type1_784.jpg,11A-11111
type1_785.jpg,51A-35838
type1_786.jpg,62A-19163
type1_787.jpg,51H-28711
type1_788.jpg,60K-23364
type1_789.jpg,51K-72754
type1_790.jpg,60A-03979
type1_791.jpg,51G-60089
type1_792.jpg,51L-02288
type1_793.jpg,51H-98857
type1_794.jpg,51L-47343
type1_795.jpg,70A-37125
type1_796.jpg,60A-47689
type1_797.jpg,51K-73391
type1_798.jpg,51K-64995
type1_799.jpg,51K-68988
type1_800.jpg,51H-19508
type1_801.jpg,51F-00001
type1_802.jpg,51G-95959
type1_803.jpg,51K-02539
type1_804.jpg,51L-20572
type1_805.jpg,51G-51722
type1_806.jpg,30A-72763
type1_807.jpg,51K-99992
type1_808.jpg,51F-34581
type1_809.jpg,51K-61555
type1_810.jpg,26C-08983
type1_812.jpg,51K-06868
type1_813.jpg,51K-08168
type1_814.jpg,51L-20240
type1_815.jpg,30E-80092
type1_816.jpg,51F-83088
type1_817.jpg,30E-69804
type1_818.jpg,30K-47077
type1_819.jpg,30L-01526
type1_820.jpg,30K-35063
type1_821.jpg,51H-29185
type1_822.jpg,30K-47667
type1_823.jpg,30K-35175
type1_824.jpg,51H-28888
type1_825.jpg,51H-36339
type1_826.jpg,51H-36339
type1_827.jpg,51K-63662
type1_828.jpg,51K-63662
type1_829.jpg,11A-12379
type1_830.jpg,51K-56505
type1_831.jpg,51H-96830
type1_832.jpg,51H-96830
type1_833.jpg,51L-32138
type1_834.jpg,51L-32138
type1_835.jpg,51K-99992
type1_836.jpg,51K-31463
type1_837.jpg,51K-31463
type1_838.jpg,51E-04760
type1_839.jpg,51E-04772
type1_840.jpg,51E-04708
type1_841.jpg,51F-28148
type1_842.jpg,51F-56854
type1_843.jpg,72A-57867
type1_844.jpg,79A-24807
type1_845.jpg,51D-64294
type1_846.jpg,60A-75031
type1_847.jpg,60K-46850
type1_848.jpg,51G-33162
type1_849.jpg,51H-06898
type1_850.jpg,51K-22279
type1_851.jpg,81A-40941
type1_852.jpg,60K-32545
type1_853.jpg,51K-50047
type1_854.jpg,51K-88461
type1_855.jpg,60A-59579
type1_856.jpg,30E-58513
type1_857.jpg,51K-77771
type1_858.jpg,51B-28781
type1_859.jpg,51H-07782
type1_860.jpg,30E-37799
type1_861.jpg,51D-85029
type1_862.jpg,51F-17549
type1_863.jpg,51L-09909
type1_864.jpg,72A-45678
type1_865.jpg,51K-11506
type1_866.jpg,51H-10565
type1_867.jpg,51A-34333
type1_868.jpg,51F-31569
type1_869.jpg,60A-82152
type1_870.jpg,51K-49160
type1_871.jpg,51L-12945
type1_872.jpg,47A-39884
type1_873.jpg,51A-23950
type1_874.jpg,51A-06686
type1_875.jpg,52F-1438
type1_876.jpg,51A-29571
type1_877.jpg,51G-73259
type1_878.jpg,51E-04772
type1_879.jpg,69A-00250
type1_880.jpg,51K-68230
type1_881.jpg,51D-13333
type1_882.jpg,30K-47133
type1_883.jpg,51A-62220
type1_884.jpg,51L-12650
type1_885.jpg,62A-01643
type1_886.jpg,51A-89661
type1_887.jpg,51D-16269
type1_888.jpg,62A-07964
type1_889.jpg,51G-04870
type1_890.jpg,51H-78571
type1_891.jpg,84A-06782
type1_892.jpg,63A-01885
type1_893.jpg,51A-44244
type1_894.jpg,51F-87191
type1_895.jpg,51G-02288
type1_896.jpg,51A-13226
type1_897.jpg,51A-16281
type1_898.jpg,51A-33964
type1_899.jpg,51A-33964
type1_900.jpg,51K-77023
type1_901.jpg,51K-77023
type1_902.jpg,51G-53445
type1_903.jpg,51L-13654
type1_904.jpg,51A-10831
type1_905.jpg,51K-95560
type1_906.jpg,60A-24478
type1_907.jpg,51A-95153
type1_908.jpg,51K-16463
type1_909.jpg,51K-36215
type1_910.jpg,51G-73300
type1_911.jpg,51G-02770
type1_912.jpg,51G-21325
type1_913.jpg,51L-02288
type1_914.jpg,60A-49166
type1_915.jpg,51G-54338
type1_916.jpg,51B-41542
type1_917.jpg,51F-43443
type1_918.jpg,79A-02699
type1_919.jpg,51A-28498
type1_920.jpg,60K-45096
type1_921.jpg,60A-15840
type1_922.jpg,60K-44692
type1_923.jpg,60C-44898
type1_924.jpg,60A-59570
type1_925.jpg,60A-70123
type1_926.jpg,60A-22029
type1_927.jpg,60A-36625
type1_928.jpg,51D-78113
type1_929.jpg,51K-46013
type1_930.jpg,51G-99030
type1_931.jpg,60K-44494
type1_932.jpg,60C-52712
type1_933.jpg,60K-46567
type1_934.jpg,60K-12341
type1_935.jpg,60C-20139
type1_936.jpg,60A-63167
type1_937.jpg,60A-99707
type1_938.jpg,60A-61964
type1_939.jpg,93A-11014
type1_940.jpg,51L-47354
type1_941.jpg,86A-04483
type1_942.jpg,60K-0478
type1_943.jpg,60K-0478
type1_944.jpg,60C-22222
type1_945.jpg,60K-12239
type1_946.jpg,60K-43725
type1_947.jpg,30H-68168
type1_948.jpg,51A-96657
type1_949.jpg,51A-96657
type1_950.jpg,29H-35157
type1_951.jpg,51D-67928
type1_952.jpg,60C-70450
type1_953.jpg,61C-55571
type1_954.jpg,60A-10647
type1_955.jpg,75A-06638
type1_956.jpg,51G-48820
type1_957.jpg,51D-80044
type1_958.jpg,92C-04039
type1_959.jpg,50R-05132
type1_960.jpg,60R-0501
type1_961.jpg,29Z-5270
type1_962.jpg,60K-23700
type1_963.jpg,60B-05868
type1_964.jpg,30G-68327
type1_965.jpg,52F-0090
type1_966.jpg,60K-48138
type1_967.jpg,62A-36246
type1_968.jpg,51H-33140
type1_969.jpg,51K-74957
type1_970.jpg,72A-48192
type1_971.jpg,60K-38376
type1_972.jpg,60K-04322
type1_973.jpg,60A-96256
type1_974.jpg,60K-22392
type1_975.jpg,60K-01573
type1_976.jpg,60A-91193
type1_977.jpg,60A-50381
type1_978.jpg,60A-52562
type1_979.jpg,30L-37062
type1_980.jpg,29A-55221
type1_981.jpg,30F-34025
type1_982.jpg,30H-13469
type1_983.jpg,29H-61077
type1_984.jpg,30G-31992
type1_985.jpg,30F-30408
type1_986.jpg,89A-21782
type1_987.jpg,30G-21498
type1_988.jpg,30K-81123
type1_989.jpg,30H-58307
type1_990.jpg,30L-07177
type1_991.jpg,30K-64337
type1_992.jpg,30G-61733
type1_993.jpg,60A-57952
type1_994.jpg,60A-01856
type1_995.jpg,60A-13067
type1_996.jpg,60A-57600
type1_997.jpg,60A-07876
type1_998.jpg,60S-7408
type1_999.jpg,60A-12063
type2_000.jpg,29BN-02371
type2_001.jpg,29BL-01863
type2_002.jpg,36BC-04661
type2_003.jpg,80B1-00239
type2_004.jpg,68K1-08150
type2_005.jpg,60B9-05979
type2_006.jpg,51ZA-2140
type2_007.jpg,60AA-24488
type2_008.jpg,60AA-51239
type2_009.jpg,76AH-03258
type2_010.jpg,60AA-49910
type2_011.jpg,60AA-48963
type2_012.jpg,60AA-49812
type2_013.jpg,60AK-08824
type2_014.jpg,60AA-37348
type2_015.jpg,60AA-00740
type2_016.jpg,60N5-4779
type2_017.jpg,60AA-52394
type2_018.jpg,60AA-53351
type2_019.jpg,60AA-49058
type2_020.jpg,60AA-51795
type2_021.jpg,60AA-47441
type2_022.jpg,60AA-53145
type2_023.jpg,60AA-45604
type2_024.jpg,60AA-51274
type2_025.jpg,60AA-24323
type2_026.jpg,60AA-49906
type2_027.jpg,50PD-2956
type2_028.jpg,60-737HR
type2_029.jpg,60AA-51576
type2_030.jpg,60AA-44679
type2_031.jpg,65FE-0255
type2_032.jpg,60AK-17055
type2_033.jpg,34AA-01448
type2_034.jpg,61N1-17570
type2_035.jpg,78F1-61952
type2_036.jpg,60FK-9776
type2_037.jpg,60Z8-0007
type2_038.jpg,60FN-5314
type2_039.jpg,59M1-00957
type2_040.jpg,60F1-59415
type2_041.jpg,59H1-32343
type2_042.jpg,60F4-18976
type2_043.jpg,60F2-28494
type2_044.jpg,60F1-35707
type2_045.jpg,60F1-13324
type2_046.jpg,60B9-02728
type2_047.jpg,60F1-84279
type2_048.jpg,60F4-02693
type2_049.jpg,39F3-7974
type2_050.jpg,60X3-8586
type2_051.jpg,71C3-18980
type2_052.jpg,60F3-17258
type2_053.jpg,77F2-3168
type2_054.jpg,60N3-9832
type2_055.jpg,52X1-6974
type2_056.jpg,60H5-17490
type2_057.jpg,60F2-08840
type2_058.jpg,60AA-31924
type2_059.jpg,60F4-35064
type2_060.jpg,60F2-40751
type2_062.jpg,29M1-45433
type2_063.jpg,60F2-23230
type2_064.jpg,72T2-2993
type2_065.jpg,38X1-17994
type2_066.jpg,60AA-25569
type2_067.jpg,60AA-22155
type2_068.jpg,36K9-1825
type2_069.jpg,38E1-04724
type2_070.jpg,60B9-50759
type2_071.jpg,60Y-7182
type2_072.jpg,60B5-32410
type2_073.jpg,60AA-29365
type2_074.jpg,60B1-90001
type2_075.jpg,60LD-6799
type2_076.jpg,36N1-10080
type2_077.jpg,60B1-86025
type2_078.jpg,95H1-12285
type2_079.jpg,60B1-73993
type2_080.jpg,36B7-50628
type2_081.jpg,59A3-21608
type2_082.jpg,60B9-47400
type2_083.jpg,36N1-07814
type2_084.jpg,36B6-36593
type2_085.jpg,36R5-2904
type2_086.jpg,36N1-08898
type2_087.jpg,67K1-26338
type2_088.jpg,36N1-10531
type2_089.jpg,36L3-2720
type2_090.jpg,36N1-06090
type2_091.jpg,36N1-07213
type2_092.jpg,73K3-5704
type2_093.jpg,36AA-23088
type2_094.jpg,36P3-0681
type2_095.jpg,36B5-25167
type2_096.jpg,15H1-45474
type2_097.jpg,38H1-26198
type2_098.jpg,29S3-4009
type2_099.jpg,29AE-01728
type2_100.jpg,29V7-52367
type2_101.jpg,18L1-00715
type2_102.jpg,29C2-06866
type2_103.jpg,30X2-5230
type2_104.jpg,19Z6-0301
type2_105.jpg,60F7-1111
type2_106.jpg,60Y3-4176
type2_107.jpg,60K1-8808
type2_108.jpg,59L1-80489
type2_109.jpg,60B8-53744
type2_110.jpg,39F4-2879
type2_111.jpg,36P2-5223
type2_112.jpg,60B8-80694
type2_113.jpg,60B1-33880
type2_114.jpg,60FA-8438
type2_115.jpg,60F4-49007
type2_116.jpg,60F1-22627
type2_117.jpg,60C2-95822
type2_118.jpg,65H6-8655
type2_119.jpg,60N9-6805
type2_120.jpg,60R6-1947
type2_121.jpg,60R7-1556
type2_122.jpg,59XB-46985
type2_123.jpg,60F4-07922
type2_124.jpg,33L3-7100
type2_125.jpg,61H7-6854
type2_126.jpg,36D1-78472
type2_127.jpg,60H6-06551
type2_128.jpg,60AA-37066
type2_129.jpg,60AA-46638
type2_130.jpg,60-759AN
type2_131.jpg,72K1-80840
type2_132.jpg,13-267G9
type2_133.jpg,29C1-74223
type2_134.jpg,37AA-02377
type2_135.jpg,29AA-84663
type2_136.jpg,29AB-89753
type2_137.jpg,29AA-65430
type2_138.jpg,29AA-63660
type2_139.jpg,29C1-33900
type2_140.jpg,29D1-41676
type2_141.jpg,29AA-68600
type2_142.jpg,29E2-96580
type2_143.jpg,29C2-06016
type2_144.jpg,29BF-01126
type2_145.jpg,29BF-04663
type2_146.jpg,29Z2-6430
type2_147.jpg,29AB-17859
type2_148.jpg,33-315FM
type2_149.jpg,29BH-03673
type2_150.jpg,29AB-25156
type2_151.jpg,29AA-29439
type2_152.jpg,29AB-25362
type2_153.jpg,29AB-25512
type2_154.jpg,60-318TN
type2_155.jpg,60-909BK
type2_156.jpg,76V7-0972
type2_157.jpg,60LD-00008
type2_158.jpg,60AA-23039
type2_159.jpg,60AA-45663
type2_160.jpg,61N1-20339
type2_161.jpg,53SA-3118
type2_162.jpg,66VA-03663
type2_163.jpg,18F7-6666
type2_164.jpg,33N2-7777
type2_165.jpg,60B5-66074
type2_166.jpg,59A3-04498
type2_167.jpg,59A3-14710
type2_168.jpg,59TA-14306
type2_169.jpg,59T1-96325
type2_170.jpg,29L1-99626
type2_171.jpg,29G2-17077
type2_172.jpg,13-346HZ
type2_173.jpg,67AN-03040
type2_174.jpg,59TA-10238
type2_175.jpg,59LA-12189
type2_176.jpg,60AD-11462
type2_177.jpg,60F2-08512
type2_178.jpg,47E1-25550
type2_179.jpg,60F3-60606
type2_180.jpg,60H1-64185
type2_181.jpg,39F1-6534
type2_182.jpg,60B5-54173
type2_183.jpg,59F1-18259
type2_184.jpg,60P6-6566
type2_185.jpg,60S2-8830
type2_186.jpg,60F8-5210
type2_187.jpg,60AL-06688
type2_188.jpg,60AA-52977
type2_189.jpg,60AE-16228
type2_190.jpg,60AA-49799
type2_191.jpg,60AA-50004
type2_192.jpg,60AA-48444
type2_193.jpg,60AA-54347
type2_194.jpg,60AA-52560
type2_195.jpg,60AA-48695
type2_196.jpg,60AA-42350
type2_197.jpg,60AA-49059
type2_198.jpg,60AK-18812
type2_199.jpg,60FD-7758
type2_200.jpg,60AA-46401
type2_201.jpg,60B1-40312
type2_202.jpg,60AA-50049
type2_203.jpg,60AA-50154
type2_204.jpg,60AK-10010
type2_205.jpg,60AA-40479
type2_206.jpg,60AA-50605
type2_207.jpg,60F4-15127
type2_208.jpg,60AA-45923
type2_209.jpg,60AM-12198
type2_210.jpg,15AA-16807
type2_211.jpg,60B1-13141
type2_212.jpg,60X8-6442
type2_213.jpg,60AB-04129
type2_214.jpg,60B1-00981
type2_215.jpg,59V3-80541
type2_216.jpg,79A1-00499
type2_217.jpg,59A3-17193
type2_218.jpg,59A3-36991
type2_219.jpg,59A3-19140
type2_220.jpg,59A3-28000
type2_221.jpg,60A1-00957
type2_222.jpg,60A1-01471
type2_223.jpg,60A1-02025
type2_224.jpg,60A1-02345
type2_225.jpg,60A1-03888
type2_226.jpg,60A1-07103
type2_227.jpg,60A1-07105
type2_228.jpg,60A1-07160
type2_229.jpg,60A1-00159
type2_230.jpg,60AA-48968
type2_231.jpg,60AG-00036
type2_232.jpg,61A5-4019
type2_233.jpg,61A1-02202
type2_234.jpg,60F4-43053
type2_235.jpg,60F3-75523
type2_236.jpg,60AA-46984
type2_237.jpg,60AA-46887
type2_238.jpg,60AA-43798
type2_239.jpg,60AA-41557
type2_240.jpg,60A1-03906
type2_241.jpg,60A1-03901
type2_242.jpg,60A1-02400
type2_243.jpg,60A1-01659
type2_244.jpg,60A1-00790
type2_245.jpg,59A3-28412
type2_246.jpg,59A3-14138
type2_247.jpg,47C1-32700
type2_248.jpg,74H3-2302
type2_249.jpg,24Z1-00558
type2_250.jpg,29BF-03389
type2_251.jpg,14AZ-05834
type2_252.jpg,37M1-0722
type2_253.jpg,30F8-6024
type2_254.jpg,60AA-30595
type2_255.jpg,60F1-13613
type2_256.jpg,39F3-3811
type2_257.jpg,18KA-2776
type2_258.jpg,60AA-19682
type2_259.jpg,60V2-5473
type2_260.jpg,60AA-44379
type2_261.jpg,39F5-8242
type2_262.jpg,60B4-64014
type2_263.jpg,60AA-33641
type2_264.jpg,60HB-1851
type2_265.jpg,65B2-12523
type2_266.jpg,60H3-7399
type2_267.jpg,60AA-42661
type2_268.jpg,60F1-77015
type2_269.jpg,60AA-42853
type2_270.jpg,60AA-25383
type2_271.jpg,60AA-10226
type2_272.jpg,60F3-76569
type2_273.jpg,60AA-35682
type2_274.jpg,60F4-13002
type2_275.jpg,60B2-11703
type2_276.jpg,60F3-16473
type2_277.jpg,60B9-24006
type2_278.jpg,60B8-73373
type2_279.jpg,60AA-08983
type2_280.jpg,60V6-5443
type2_281.jpg,60B1-00438
type2_282.jpg,60B5-48068
type2_283.jpg,60F2-16780
type2_284.jpg,60AA-31379
type2_285.jpg,29AA-05116
type2_286.jpg,60FR-0689
type2_287.jpg,67G1-36354
type2_288.jpg,60H1-19803
type2_289.jpg,39F4-2377
type2_290.jpg,38P1-40466
type2_291.jpg,60Z2-8777
type2_292.jpg,60H5-38160
type2_293.jpg,60X6-8120
type2_294.jpg,60V8-7631
type2_295.jpg,60F1-81202
type2_296.jpg,60X5-5533
type2_297.jpg,60AA-14444
type2_298.jpg,60F2-22046
type2_299.jpg,72T2-5183
type2_300.jpg,60AA-03862
type2_301.jpg,66VA-12267
type2_302.jpg,53X8-8174
type2_303.jpg,59YA-02740
type2_304.jpg,93LA-01106
type2_305.jpg,60-627AL
type2_306.jpg,78H7-9960
type2_307.jpg,72S1-4878
type2_308.jpg,60B5-00007
type2_309.jpg,61L7-8532
type2_310.jpg,51T4-5947
type2_311.jpg,29A1-15535
type2_312.jpg,60C2-88146
type2_313.jpg,37H1-08685
type2_314.jpg,60C2-76456
type2_315.jpg,72C2-32502
type2_316.jpg,21-822HC
type2_317.jpg,50N2-07151
type2_318.jpg,51S8-9548
type2_319.jpg,92H7-0397
type2_320.jpg,43C2-15256
type2_321.jpg,75AF-14431
type2_322.jpg,43C2-15223
type2_323.jpg,43C2-16643
type2_324.jpg,43C2-15959
type2_325.jpg,75AF-14424
type2_326.jpg,75AF-14492
type2_327.jpg,43C2-15069
type2_328.jpg,43C2-15232
type2_329.jpg,43C2-16527
type2_330.jpg,59M2-11446
type2_331.jpg,59TA-10336
type2_332.jpg,59H1-72530
type2_333.jpg,50N1-55846
type2_334.jpg,59N3-00896
type2_335.jpg,54N3-6335
type2_336.jpg,51U3-1089
type2_337.jpg,59H1-71390
type2_338.jpg,59E1-64026
type2_339.jpg,29G2-19075
type2_340.jpg,29G2-15766
type2_341.jpg,29Y5-88647
type2_342.jpg,63V4-6033
type2_343.jpg,18-377AV
type2_344.jpg,50R-9233
type2_345.jpg,62F3-5706
type2_346.jpg,59TA-09243
type2_347.jpg,59C4-09876
type2_348.jpg,43H6-2959
type2_349.jpg,59C2-30843
type2_350.jpg,60F2-50191
type2_351.jpg,60F3-84983
type2_352.jpg,30K4-9341
type2_353.jpg,29V9-2946
type2_354.jpg,29E2-77736
type2_355.jpg,14S1-09538
type2_356.jpg,88D1-15499
type2_357.jpg,72-105H3
type2_358.jpg,67U-0316
type2_359.jpg,72C2-16654
type2_360.jpg,38AS-01309
type2_361.jpg,60Z2-7015
type2_362.jpg,59M4-99999
type2_363.jpg,60F4-15387
type2_364.jpg,47AB-35294
type2_365.jpg,39F3-1342
type2_366.jpg,60F1-64727
type2_367.jpg,60B1-80053
type2_368.jpg,54X1-1810
type2_369.jpg,16L6-2948
type2_370.jpg,52L2-6996
type2_371.jpg,36AM-03798
type2_372.jpg,57-082IL
type2_373.jpg,51U8-6716
type2_374.jpg,60L8-3718
type2_375.jpg,60F1-66545
type2_376.jpg,60B1-25456
type2_377.jpg,29FD-1051
type2_378.jpg,39F3-4168
type2_379.jpg,60FA-0001
type2_380.jpg,50DC-6533
type2_381.jpg,60-676HL
type2_382.jpg,60AA-22712
type2_383.jpg,60AA-39553
type2_384.jpg,60F4-34805
type2_385.jpg,29BD-04447
type2_386.jpg,24B1-86348
type2_387.jpg,29H1-7624
type2_388.jpg,29G1-87175
type2_389.jpg,60C2-22793
type2_390.jpg,36B8-82996
type2_391.jpg,60B6-61622
type2_392.jpg,60F2-65686
type2_393.jpg,60B1-95168
type2_394.jpg,60B1-89969
type2_395.jpg,60F4-31989
type2_396.jpg,67B1-12173
type2_397.jpg,60F2-91861
type2_398.jpg,60B9-34206
type2_399.jpg,60B4-99350
type2_400.jpg,60C1-97739
type2_401.jpg,58NB-7604
type2_402.jpg,60F2-61335
type2_403.jpg,85F1-28996
type2_404.jpg,51H5-6894
type2_405.jpg,59D2-54920
type2_406.jpg,71C2-80311
type2_407.jpg,59Y2-96518
type2_408.jpg,77AB-09285
type2_409.jpg,47H1-67632
type2_410.jpg,71C3-58346
type2_411.jpg,68P1-68745
type2_412.jpg,84G1-39563
type2_413.jpg,59X2-44914
type2_414.jpg,59P2-07818
type2_415.jpg,67M9-9151
type2_416.jpg,86B6-39407
type2_417.jpg,54M2-9589
type2_418.jpg,60AM-18101
type2_419.jpg,59F1-33267
type2_420.jpg,59H1-11819
type2_421.jpg,54M5-5621
type2_422.jpg,59S2-85302
type2_423.jpg,85C1-47787
type2_424.jpg,37F2-92451
type2_425.jpg,59M2-64034
type2_426.jpg,59X3-11624
type2_427.jpg,60B7-38221
type2_428.jpg,59E2-27225
type2_429.jpg,59V2-08559
type2_430.jpg,49K1-62001
type2_431.jpg,93P2-83727
type2_432.jpg,61DB-00888
type2_433.jpg,50N1-75169
type2_434.jpg,63B7-75103
type2_435.jpg,63B9-65877
type2_436.jpg,51R2-3120
type2_437.jpg,59P3-19058
type2_438.jpg,71C2-30484
type2_439.jpg,59E1-18682
type2_440.jpg,59M2-57871
type2_441.jpg,61H1-25952
type2_442.jpg,67D1-72065
type2_443.jpg,67P1-7186
type2_444.jpg,59V2-30436
type2_445.jpg,59K2-00489
type2_446.jpg,20B1-77896
type2_447.jpg,59P2-90547
type2_448.jpg,51K5-2318
type2_449.jpg,50P1-6167
type2_450.jpg,59P2-71393
type2_451.jpg,59P3-33975
type2_452.jpg,59N1-85880
type2_453.jpg,59PA-10411
type2_454.jpg,51L2-6553
type2_455.jpg,59D1-90994
type2_456.jpg,66L1-10153
type2_457.jpg,29T1-26026
type2_458.jpg,59U1-96110
type2_459.jpg,59U1-02795
type2_460.jpg,81B1-39331
type2_461.jpg,60AA-39014
type2_462.jpg,59T2-48796
type2_463.jpg,50N2-00164
type2_464.jpg,50N2-17911
type2_465.jpg,59T2-63861
type2_466.jpg,50N1-84828
type2_467.jpg,67N1-95712
type2_468.jpg,59M2-50271
type2_469.jpg,59D2-82840
type2_470.jpg,59K2-44462
type2_471.jpg,59G3-03419
type2_472.jpg,59D2-85268
type2_473.jpg,59PA-07245
type2_474.jpg,73N8-2754
type2_475.jpg,59D2-50515
type2_476.jpg,63B7-61096
type2_477.jpg,50N2-16541
type2_478.jpg,59M2-06806
type2_479.jpg,59K1-70294
type2_480.jpg,59D1-89287
type2_481.jpg,50N2-05498
type2_482.jpg,52K2-3649
type2_484.jpg,50N1-52849
type2_485.jpg,59M2-10721
type2_486.jpg,54P9-7357
type2_487.jpg,68S5-7128
type2_488.jpg,59M1-70885
type2_489.jpg,59D2-79876
type2_490.jpg,59M1-30802
type2_491.jpg,59M1-02243
type2_492.jpg,54N3-5379
type2_493.jpg,59N1-88864
type2_494.jpg,59P1-32751
type2_495.jpg,52LB-5552
type2_496.jpg,52M3-2039
type2_497.jpg,59D3-33186
type2_498.jpg,59M2-51035
type2_499.jpg,59K2-39614
type2_500.jpg,52X4-5525
type2_501.jpg,59T2-39964
type2_502.jpg,71B1-99946
type2_503.jpg,68L1-08779
type2_504.jpg,60B6-37482
type2_505.jpg,59C2-41165
type2_506.jpg,81P1-48616
type2_507.jpg,60M6-1651
type2_508.jpg,54N6-7735
type2_509.jpg,66F1-61225
type2_510.jpg,60U7-0648
type2_511.jpg,59NA-15381
type2_512.jpg,99H1-20844
type2_513.jpg,50N1-81129
type2_514.jpg,59X1-59644
type2_515.jpg,59Z2-13743
type2_516.jpg,59C2-51307
type2_517.jpg,66F1-72084
type2_518.jpg,85FA-00778
type2_519.jpg,59K2-15865
type2_520.jpg,29B2-32753
type2_521.jpg,59TA-14021
type2_522.jpg,59X1-65307
type2_523.jpg,59M2-76381
type2_524.jpg,29D1-31745
type2_525.jpg,53Z1-8095
type2_526.jpg,59K2-49904
type2_527.jpg,54S7-4806
type2_528.jpg,66K1-52764
type2_529.jpg,72D1-22680
type2_530.jpg,59F2-15852
type2_531.jpg,52N1-1537
type2_532.jpg,52F5-0736
type2_533.jpg,71AD-05002
type2_534.jpg,59K2-57948
type2_535.jpg,60B8-01618
type2_536.jpg,83C1-01221
type2_537.jpg,53S5-7627
type2_538.jpg,95B1-01211
type2_539.jpg,47C1-41871
type2_540.jpg,52F4-5702
type2_541.jpg,52T7-0574
type2_542.jpg,59P2-51366
type2_543.jpg,94K1-00604
type2_544.jpg,59C3-09742
type2_545.jpg,53S6-6161
type2_546.jpg,51Z7-1873
type2_547.jpg,66N1-04127
type2_548.jpg,59C1-97079
type2_549.jpg,59F1-32244
type2_550.jpg,68B1-25140
type2_551.jpg,59N2-75225
type2_552.jpg,94D1-40715
type2_553.jpg,59F1-05421
type2_554.jpg,83P4-49927
type2_555.jpg,52Z9-4997
type2_556.jpg,70B1-08760
type2_557.jpg,59XB-48724
type2_558.jpg,59S1-13306
type2_559.jpg,86B8-62937
type2_560.jpg,86B8-23160
type2_561.jpg,59X3-51528
type2_562.jpg,59P2-43570
type2_563.jpg,59G1-86538
type2_564.jpg,79D1-18485
type2_565.jpg,59X4-10788
type2_566.jpg,59F1-39640
type2_567.jpg,59F2-37627
type2_568.jpg,76G1-54876
type2_569.jpg,59H1-56637
type2_570.jpg,92H1-81820
type2_571.jpg,59F1-86760
type2_572.jpg,83P1-62056
type2_573.jpg,93P1-01765
type2_574.jpg,76G1-04175
type2_575.jpg,59S3-69937
type2_576.jpg,59P2-11955
type2_577.jpg,67B1-35773
type2_578.jpg,77E1-60521
type2_579.jpg,59F1-63540
type2_580.jpg,59X2-79805
type2_581.jpg,59CB-07173
type2_582.jpg,59S2-41481
type2_583.jpg,59SA-09303
type2_584.jpg,43-315H3
type2_585.jpg,92MA-02517
type2_586.jpg,60AA-33327
type2_587.jpg,60H3-3798
type2_588.jpg,49AN-01455
type2_589.jpg,60F2-12878
type2_590.jpg,60-550EB
type2_591.jpg,61L6-6317
type2_592.jpg,60AA-32789
type2_593.jpg,39F5-0708
type2_594.jpg,60F1-02811
type2_595.jpg,19G1-00009
type2_596.jpg,19F1-13918
type2_597.jpg,59LA-00001
type2_598.jpg,29R2-4444
type2_599.jpg,60B8-62773
type2_600.jpg,54H3-7990
type2_601.jpg,59T1-95961
type2_602.jpg,59X4-17447
type2_603.jpg,78H1-07156
type2_604.jpg,59F2-07943
type2_605.jpg,61D1-12842
type2_606.jpg,60F1-30492
type2_607.jpg,60Y2-5374
type2_608.jpg,60F4-22629
type2_609.jpg,60B2-86798
type2_610.jpg,60F2-89057
type2_611.jpg,72F1-34571
type2_612.jpg,84F1-31427
type2_613.jpg,59S2-61527
type2_614.jpg,68K1-04320
type2_615.jpg,60FH-1985
type2_616.jpg,60M8-6704
type2_617.jpg,81B2-86805
type2_618.jpg,76U1-00066
type2_619.jpg,92D1-71229
type2_620.jpg,43C1-81857
type2_621.jpg,43C1-80870
type2_622.jpg,92D1-22275
type2_623.jpg,43P1-4091
type2_624.jpg,43H5-1800
type2_625.jpg,60F1-88661
type2_626.jpg,60-241AC
type2_627.jpg,39F4-9955
type2_628.jpg,94D1-64808
type2_629.jpg,60L9-7165
type2_630.jpg,28N1-18781
type2_631.jpg,37H1-16546
type2_632.jpg,60X9-5663
type2_633.jpg,59NB-00601
type2_634.jpg,29C2-08414
type2_635.jpg,60B1-30512
type2_636.jpg,52NA-7875
type2_637.jpg,60F1-58938
type2_638.jpg,60AL-02746
type2_639.jpg,60FK-7078
type2_640.jpg,60AA-30438
type2_641.jpg,60AA-42972
type2_642.jpg,60F9-5102
type2_643.jpg,60AA-26235
type2_644.jpg,60F1-95152
type2_645.jpg,60F1-40686
type2_646.jpg,60F2-06327
type2_647.jpg,60F1-83060
type2_648.jpg,60AA-22852
type2_649.jpg,60B1-83908
type2_650.jpg,60B1-80171
type2_651.jpg,60AA-41149
type2_652.jpg,60B1-67567
type2_653.jpg,60FC-7066
type2_654.jpg,60F4-39660
type2_655.jpg,60AA-29655
type2_656.jpg,99FA-1783
type2_657.jpg,60A1-00957
type2_658.jpg,60F3-88288
type2_659.jpg,60-506HN
type2_660.jpg,72-781FA
type2_661.jpg,60AA-20735
type2_662.jpg,59SA-12509
type2_663.jpg,29Y7-39166
type2_664.jpg,52P6-3832
type2_665.jpg,60F3-25289
type2_666.jpg,29Y5-91234
type2_667.jpg,60AA-34910
type2_668.jpg,60AA-07168
type2_669.jpg,60F4-17996
type2_670.jpg,60L4-5976
type2_671.jpg,60Y2-7560
type2_672.jpg,60Y3-2927
type2_673.jpg,60AA-27957
type2_674.jpg,60AA-27312
type2_675.jpg,60G1-27376
type2_676.jpg,60B9-17920
type2_677.jpg,60H4-4635
type2_678.jpg,60F6-2960
type2_679.jpg,38X1-15503
type2_680.jpg,60C1-10259
type2_681.jpg,29V1-00005
type2_682.jpg,60G1-38029
type2_683.jpg,70-804PM
type2_684.jpg,51FC-0821
type2_685.jpg,72H4-8697
type2_686.jpg,60G1-53315
type2_687.jpg,60G1-16592
type2_688.jpg,47L4-8210
type2_689.jpg,47M2-00402
type2_690.jpg,59G1-40643
type2_691.jpg,60H5-09632
type2_692.jpg,61L6-2591
type2_693.jpg,49N1-6868
type2_694.jpg,61L6-8027
type2_695.jpg,60C2-04169
type2_696.jpg,60AA-29890
type2_697.jpg,50K1-3532
type2_698.jpg,61L6-9160
type2_699.jpg,60B1-87781
type2_700.jpg,43H1-1042
type2_701.jpg,92D1-59035
type2_702.jpg,43-047F7
type2_703.jpg,92D1-04090
type2_704.jpg,43D1-56417
type2_705.jpg,37F2-87253
type2_706.jpg,43AA-22003
type2_707.jpg,60H8-5523
type2_708.jpg,39F1-6807
type2_709.jpg,60Z3-0834
type2_710.jpg,51ZB-0472
type2_711.jpg,60B1-94409
type2_712.jpg,60R4-1424
type2_713.jpg,59L1-30083
type2_714.jpg,60M1-2609
type2_715.jpg,60F2-50373
type2_716.jpg,61U3-0696
type2_717.jpg,38E1-00091
type2_718.jpg,60F1-88664
type2_719.jpg,47AX-00075
type2_720.jpg,50N1-98315
type2_721.jpg,60AA-42528
type2_722.jpg,60AA-30028
type2_723.jpg,60AA-27851
type2_724.jpg,60AD-09545
type2_725.jpg,60AA-32069
type2_726.jpg,60N1-0001
type2_727.jpg,39F2-1943
type2_728.jpg,61L5-7213
type2_729.jpg,51TB-5576
type2_730.jpg,59N1-87631
type2_731.jpg,60B8-52551
type2_732.jpg,60B1-32585
type2_733.jpg,43KM-4445
type2_734.jpg,60U6-0773
type2_735.jpg,60B1-80227
type2_736.jpg,86B7-11731
type2_737.jpg,77H1-18219
type2_738.jpg,60T7-1471
type2_739.jpg,60R3-2474
type2_740.jpg,53RA-9596
type2_741.jpg,53VA-3906
type2_742.jpg,59H2-15921
type2_743.jpg,59P3-27575
type2_744.jpg,52U7-3463
type2_745.jpg,94R1-3925
type2_746.jpg,69E1-60945
type2_747.jpg,59L3-36369
type2_748.jpg,89B2-19240
type2_749.jpg,60F3-05599
type2_750.jpg,31-748L1
type2_751.jpg,60B1-22252
type2_752.jpg,60Y3-6219
type2_753.jpg,60AA-00031
type2_754.jpg,60F1-87103
type2_756.jpg,60-897R
type2_757.jpg,60F1-76746
type2_758.jpg,60N3-0090
type2_759.jpg,93B1-04179
type2_760.jpg,29FA-9999
type2_761.jpg,59V2-45735
type2_762.jpg,60F3-19233
type2_763.jpg,60F1-85928
type2_764.jpg,60F2-35603
type2_765.jpg,60F3-99741
type2_766.jpg,60Y3-7895
type2_767.jpg,14-363FP
type2_768.jpg,88F1-53625
type2_769.jpg,31-564S3
type2_770.jpg,81AE-00451
type2_771.jpg,61C1-06991
type2_772.jpg,50P4-5312
type2_773.jpg,57-653AX
type2_774.jpg,63X4-4983
type2_775.jpg,29-782RL
type2_776.jpg,29Y5-88540
type2_777.jpg,51X1-0059
type2_778.jpg,50PC-4540
type2_779.jpg,71C2-51456
type2_780.jpg,59S1-51727
type2_781.jpg,60F1-08753
type2_782.jpg,60F1-66078
type2_783.jpg,21BA-07088
type2_784.jpg,60F1-28637
type2_785.jpg,60B1-25607
type2_787.jpg,50XA-3590
type2_788.jpg,50N2-30488
type2_789.jpg,60F4-43261
type2_790.jpg,62T1-05644
type2_791.jpg,60AA-40076
type2_792.jpg,60C1-72002
type2_793.jpg,60F2-64028
type2_794.jpg,60B6-82226
type2_795.jpg,94K2-17263
type2_796.jpg,60V1-0236
type2_797.jpg,60Y4-2071
type2_798.jpg,72C2-63098
type2_799.jpg,60F2-50040
type2_800.jpg,60B1-12548
type2_801.jpg,60F3-22553
type2_802.jpg,60FK-5049
type2_803.jpg,72-070KB
type2_804.jpg,61-714A
type2_805.jpg,43X1-0953
type2_806.jpg,83PT-24463
type2_807.jpg,59UA-02181
type2_808.jpg,98FA-7089
type2_809.jpg,60AL-03513
type2_810.jpg,60AA-24347
type2_811.jpg,60B4-51954
type2_812.jpg,60F4-40782
type2_813.jpg,36B6-63195
type2_814.jpg,79D1-59054
type2_815.jpg,79NA-14460
type2_816.jpg,79N2-88988
type2_817.jpg,59Y1-88824
type2_818.jpg,60L3-6316
type2_819.jpg,29-043VP
type2_820.jpg,32-953K6
type2_821.jpg,61F1-51320
type2_822.jpg,43K9-2999
type2_823.jpg,60-565AL
type2_824.jpg,60AA-39407
type2_825.jpg,61D2-11554
type2_826.jpg,60H5-33936
type2_827.jpg,60-715J
type2_828.jpg,34-267KF
type2_829.jpg,60F3-46740
type2_830.jpg,60F4-21246
type2_831.jpg,39F1-7279
type2_832.jpg,53Y1-3454
type2_833.jpg,60F1-31813
type2_834.jpg,68C1-00493
type2_835.jpg,60T6-6916
type2_836.jpg,60FN-3437
type2_837.jpg,60F2-9812
type2_838.jpg,60X7-1793
type2_839.jpg,19-973VE
type2_840.jpg,60-838HE
type2_841.jpg,71H5-0449
type2_842.jpg,86B7-15695
type2_843.jpg,83-283J
type2_844.jpg,50F-9627
type2_845.jpg,60AA-30299
type2_846.jpg,60F2-26435
type2_847.jpg,60AA-22231
type2_848.jpg,60AA-25721
type2_849.jpg,60AA-04321
type2_850.jpg,60FL-4215
type2_851.jpg,73F1-52578
type2_852.jpg,31-559P5
type2_853.jpg,29-908X7
type2_854.jpg,31-434U9
type2_855.jpg,32-072K1
type2_856.jpg,32-844K1
type2_857.jpg,13-527HD
type2_858.jpg,62-037ME
type2_859.jpg,60-873AK
type2_860.jpg,43-829LH
type2_861.jpg,35-398NQ
type2_862.jpg,31-845S1
type2_863.jpg,29-132MV
type2_864.jpg,32-786H2
type2_865.jpg,33-244F8
type2_866.jpg,32-719K3
type2_867.jpg,62N1-73294
type2_868.jpg,63B4-77035
type2_869.jpg,79D1-65624
type2_870.jpg,67M1-82809
type2_871.jpg,94E1-01286
type2_872.jpg,66N1-60553
type2_873.jpg,60F2-63571
type2_874.jpg,61L8-6789
type2_875.jpg,61D1-76303
type2_876.jpg,54X8-0129
type2_877.jpg,43-232F8
type2_878.jpg,43-125E2
type2_879.jpg,43-079LS
type2_880.jpg,43-475M
type2_881.jpg,79-814B
type2_882.jpg,77-038CV
type2_883.jpg,36-167X7
type2_884.jpg,50A-9457
type2_885.jpg,50F-8937
type2_886.jpg,31-903T5
type2_887.jpg,72C1-00753
type2_888.jpg,72C1-72076
type2_889.jpg,72C1-31603
type2_890.jpg,72P1-9541
type2_891.jpg,65L1-47441
type2_892.jpg,72E1-59116
type2_893.jpg,72C1-45816
type2_894.jpg,72C2-55193
type2_895.jpg,72H1-7426
type2_896.jpg,72C2-39632
type2_897.jpg,72C1-02876
type2_898.jpg,60B7-00023
type2_899.jpg,60H1-54138
type2_900.jpg,72T3-5856
type2_901.jpg,72C1-35310
type2_902.jpg,72AC-09368
type2_903.jpg,72C1-33271
type2_904.jpg,72C2-09667
type2_905.jpg,36B2-84881
type2_906.jpg,72C1-27310
type2_907.jpg,75B1-30480
type2_908.jpg,67M1-19413
type2_909.jpg,72K1-23743
type2_910.jpg,72C2-38253
type2_911.jpg,72L7-9472
type2_912.jpg,68E1-35732
type2_913.jpg,43AA-05878
type2_914.jpg,59TA-12277
type2_915.jpg,60F4-28299
type2_916.jpg,60F3-56001
type2_917.jpg,60AM-12805
type2_918.jpg,60F3-51069
type2_919.jpg,60AA-39561
type2_920.jpg,60X6-9121
type2_921.jpg,60AA-25460
type2_922.jpg,60AA-25379
type2_923.jpg,60AA-04212
type2_924.jpg,60AA-18255
type2_925.jpg,69M1-25571
type2_926.jpg,60AN-07963
type2_927.jpg,60AM-12055
type2_928.jpg,60AA-24753
type2_929.jpg,60B9-74685
type2_930.jpg,60F3-18812
type2_931.jpg,59D3-23224
type2_932.jpg,60B3-72958
type2_933.jpg,90B6-00346
type2_934.jpg,60F4-38026
type2_935.jpg,60AA-38918
type2_936.jpg,60H1-37379
type2_937.jpg,60B3-48267
type2_938.jpg,60F3-83357
type2_939.jpg,60AL-04029
type2_940.jpg,60AF-08747
type2_941.jpg,61CA-01048
type2_942.jpg,60AA-39340
type2_943.jpg,63P1-16118
type2_944.jpg,60F2-64182
type2_945.jpg,74K6-0197
type2_946.jpg,60X2-7732
type2_947.jpg,69B1-16281
type2_948.jpg,61L7-3157
type2_949.jpg,60H1-5302
type2_950.jpg,60V8-6350
type2_951.jpg,60AA-25806
type2_952.jpg,60F1-29998
type2_953.jpg,60B1-38519
type2_954.jpg,60F3-51422
type2_955.jpg,54U5-4109
type2_956.jpg,60F3-28680
type2_957.jpg,60V2-4805
type2_958.jpg,60AA-39764
type2_959.jpg,60AA-09626
type2_960.jpg,53X7-1671
type2_961.jpg,60AL-02628
type2_962.jpg,90F4-4939
type2_963.jpg,13FA-2568
type2_964.jpg,60FZ-1354
type2_965.jpg,59TA-12164
type2_966.jpg,29BN-00981
type2_967.jpg,60F9-3807
type2_968.jpg,60AL-04309
type2_969.jpg,60F5-6432
type2_970.jpg,36B1-57928
type2_971.jpg,53X3-1435
type2_972.jpg,43AA-63618
type2_973.jpg,60AD-00942
type2_974.jpg,76M1-01887
type2_975.jpg,60F1-18748
type2_976.jpg,60AA-23149
type2_977.jpg,60AA-12020
type2_978.jpg,60Z6-7380
type2_979.jpg,60F2-24385
type2_980.jpg,60AA-27502
type2_981.jpg,60Y3-7281
type2_982.jpg,93P1-66403
type2_983.jpg,60F2-06765
type2_984.jpg,39F2-7042
type2_985.jpg,71FD-5989
type2_986.jpg,60AA-37878
type2_987.jpg,50N1-49458
type2_988.jpg,60B1-53032
type2_989.jpg,60F1-04141
type2_990.jpg,60S4-4834
type2_991.jpg,60X7-3985
type2_992.jpg,60AA-26620
type2_993.jpg,61L7-1179
type2_994.jpg,60AA-33018
type2_995.jpg,63B9-29866
type2_996.jpg,60AA-21453
type2_997.jpg,60N8-9955
type2_998.jpg,60F2-12203
type2_999.jpg,60B4-17524
type3_000.jpg,28TĐ-00067
type3_001.jpg,60MĐ5-00592
type3_002.jpg,60MĐ1-01658
type3_003.jpg,60MĐ2-00391
type3_004.jpg,60MĐ1-00482
type3_005.jpg,60MĐ5-50255
type3_006.jpg,60MĐ6-00373
type3_007.jpg,60MĐ1-00569
type3_008.jpg,60MĐ5-50199
type3_009.jpg,60MĐ6-00110
type3_010.jpg,60MĐ1-02453
type3_011.jpg,60MĐ1-01623
type3_012.jpg,60MĐ1-02542
type3_013.jpg,60MĐ2-03979
type3_014.jpg,60MĐ5-00086
type3_015.jpg,60LD-03908
type3_017.jpg,50LD-12780
type3_018.jpg,29MĐ2-08675
type3_019.jpg,60MĐ1-00758
type3_020.jpg,60LD-03298
type3_021.jpg,36MĐ6-08997
type3_022.jpg,36MĐ6-06438
type3_023.jpg,36MĐ6-00374
type3_024.jpg,36HC-00186
type3_025.jpg,29KT-00430
type3_026.jpg,92LD-00542
type3_027.jpg,68LD-00018
type3_028.jpg,50LD-20776
type3_029.jpg,29CD-01436
type3_030.jpg,60LD-02777
type3_031.jpg,71LA-0072
type3_032.jpg,41MĐ1-20498
type3_033.jpg,61LD-04568
type3_034.jpg,60LD-3788
type3_035.jpg,60LD-01904
type3_036.jpg,29LD-1537
type3_037.jpg,15MĐ5-55330
type3_039.jpg,50LA-4698
type3_040.jpg,50LA-4699
type3_041.jpg,50SA-0893
type3_042.jpg,29LA-3225
type3_043.jpg,43LA-0945
type3_045.jpg,60MĐ1-01868
type3_046.jpg,50LD-00868
type3_047.jpg,50LD-16319
type3_048.jpg,50LD-16319
type3_049.jpg,50TĐ-03055
type3_050.jpg,50TĐ-03023
type3_051.jpg,50TĐ-03043
type3_052.jpg,50TĐ-03046
type3_053.jpg,15LD-01222
type3_054.jpg,18LD-00130
type3_055.jpg,50TĐ-03010
type3_056.jpg,50TĐ-03010
type3_057.jpg,50TĐ-03042
type3_058.jpg,50TĐ-03042
type3_059.jpg,29KT-10352
type3_060.jpg,50TĐ-03010
type3_061.jpg,50TĐ-03010
type3_062.jpg,50TĐ-03042
type3_063.jpg,50TĐ-03042
type3_064.jpg,29KT-10352
type3_065.jpg,50LD-17697
type3_066.jpg,50TĐ-03026
type3_067.jpg,41MĐ1-00761
type3_068.jpg,43MĐ5-01312
type3_070.jpg,29CD-00245
type3_071.jpg,50LD-02553
type3_072.jpg,29LD-04358
type3_073.jpg,29DA-00117
type3_074.jpg,29KT-10814
type3_075.jpg,60CD-00359
type3_076.jpg,50LD-20525
type3_077.jpg,60LD-00692
type3_078.jpg,51LD-2243
type3_079.jpg,51LD-1442
type3_080.jpg,60LD-04416
type3_081.jpg,60LD-01633
type3_082.jpg,36RM-00081
type3_083.jpg,60LD-00375
type3_084.jpg,29LD-04857
type3_085.jpg,29CD-00196
type3_086.jpg,60LD-04181
type3_087.jpg,29CD-00413
type3_088.jpg,43MĐ3-01479
type3_089.jpg,43XA-0353
type3_090.jpg,50KT-00017
type3_091.jpg,60LA-4385
type3_092.jpg,60LD-04063
type3_093.jpg,50LD-00585
type3_094.jpg,50LD-10203
type3_095.jpg,50LD-10159
type3_100.jpg,50LD-10259
type3_101.jpg,50LD-00514
type3_102.jpg,50LD-10150
type3_103.jpg,50LD-00513
type3_104.jpg,50LD-10265
type3_105.jpg,51LD-5101
type3_106.jpg,50LA-2412
type3_107.jpg,50CD-00075
type3_108.jpg,88LD-01038
type3_109.jpg,61LD-01575
type3_110.jpg,29LA-4937
type3_111.jpg,89LD-00549
type3_112.jpg,51HC-00012
type3_113.jpg,14HC-00928
type3_114.jpg,14HC-01900
type3_115.jpg,72DA-00007
type3_116.jpg,50LD-14376
type3_117.jpg,72LD-1014
type3_118.jpg,72LD-0982
type3_119.jpg,72LD-00161
type3_120.jpg,50LD-21078
type3_121.jpg,50LD-21078
type3_122.jpg,50CD-00267
type3_123.jpg,29LD-30103
type3_124.jpg,50TĐ-03027
type3_125.jpg,72HC-00025
type3_126.jpg,50LD-21154
type3_127.jpg,29LD-31360
type3_128.jpg,50LD-12575
type3_129.jpg,86LD-00212
type3_130.jpg,72HC-00025
type3_131.jpg,50LD-21154
type3_132.jpg,29LD-31360
type3_133.jpg,50LD-12575
type3_134.jpg,86LD-00212
type3_135.jpg,50LD-12725
type3_136.jpg,50LD-07292
type3_137.jpg,60LD-04274
type3_138.jpg,50LD-21141
type3_139.jpg,50LD-18928
type3_140.jpg,50LD-17037
type3_141.jpg,50LD-14605
type3_142.jpg,29KT-01088
type3_143.jpg,60LD-01138
type3_144.jpg,60LD-03488
type3_145.jpg,60RM-00356
type3_146.jpg,50RM-02323
type3_147.jpg,50RM-00362
type3_148.jpg,50RM-00552
type3_149.jpg,51LD-1967
type3_150.jpg,50TĐ-02415
type3_151.jpg,50TĐ-02415
type3_152.jpg,92LD-00063
type3_153.jpg,98LD-00786
type3_154.jpg,50TĐ-01330
type3_155.jpg,37HC-00051
type3_156.jpg,37TĐ-00049
type3_157.jpg,37HC-00165
type3_158.jpg,37HC-00091
type3_159.jpg,37HC-00312
type3_160.jpg,37HC-00146
type3_161.jpg,37HC-00085
type3_162.jpg,37HC-00171
type3_163.jpg,37HC-00202
type3_164.jpg,37TĐ-00061
type3_165.jpg,37HC-00242
type3_166.jpg,37HC-00329
type3_167.jpg,37HC-00282
type3_168.jpg,41MĐ1-53953
type3_169.jpg,20LD-00091
type3_170.jpg,73TĐ-00048
type3_171.jpg,73HC-00065
type3_172.jpg,73HC-00034
type3_173.jpg,73HC-00109
type3_174.jpg,73HC-00051
type3_175.jpg,41MĐ1-76250
type3_176.jpg,50LD-18118
type3_177.jpg,72LD-0053
type3_178.jpg,29CD-01737
type3_179.jpg,29LD-04148
type3_180.jpg,61LD-00943
type3_181.jpg,60LD-02505
type3_182.jpg,29CD-00023
type3_183.jpg,29CD-00334
type3_184.jpg,29KT-00585
type3_185.jpg,50LD-18359
type3_186.jpg,60LA-4369
type3_187.jpg,60LA-4369
type3_188.jpg,60LA-4161
type3_189.jpg,50LD-21063
type3_190.jpg,50LD-15506
type3_191.jpg,60MĐ1-02552
type3_192.jpg,29LD-0388
type3_193.jpg,41MĐ1-72180
type3_194.jpg,60LD-00501
type3_195.jpg,50LD-06051
type3_196.jpg,60MĐ6-00264
type3_197.jpg,60MĐ6-00106
type3_198.jpg,50LD-19290
type3_199.jpg,50LD-20652
type3_200.jpg,52LD-5844
type3_201.jpg,60LD-04493
type3_202.jpg,50LD-20262
type3_203.jpg,60LD-04100
type3_204.jpg,65KT-00011
type3_205.jpg,65KT-00011
type3_206.jpg,60MĐ1-01228
type3_207.jpg,60MĐ1-01218
type3_208.jpg,79LD-00215
type3_209.jpg,29LD-3860
type3_210.jpg,29KT-00415
type3_211.jpg,29CD-00269
type3_212.jpg,29LD-06616
type3_213.jpg,60MĐ4-50030
type3_214.jpg,15LD-01638
type3_215.jpg,29LD-2606
type3_216.jpg,14KT-00344
type3_217.jpg,43HC-00112
type3_218.jpg,43HC-00108
type3_219.jpg,43HC-00101
type3_220.jpg,43HC-00101
type3_221.jpg,43HC-00092
type3_222.jpg,43HC-00087
type3_223.jpg,43HC-00080
type3_224.jpg,43HC-00080
type3_225.jpg,43HC-00079
type3_226.jpg,43HC-00077
type3_227.jpg,43HC-00077
type3_228.jpg,43HC-00074
type3_229.jpg,43HC-00066
type3_230.jpg,43HC-00062
type3_231.jpg,43HC-00061
type3_232.jpg,43HC-00060
type3_234.jpg,43HC-00059
type3_235.jpg,43HC-00059
type3_236.jpg,43HC-00058
type3_237.jpg,43HC-00056
type3_238.jpg,43HC-00056
type3_239.jpg,43HC-00055
type3_240.jpg,43HC-00052
type3_241.jpg,43HC-00051
type3_242.jpg,43HC-00048
type3_243.jpg,43HC-00047
type3_244.jpg,43HC-00042
type3_245.jpg,43HC-00041
type3_246.jpg,43HC-00041
type3_247.jpg,43HC-00040
type3_248.jpg,43HC-00039
type3_249.jpg,43HC-00036
type3_250.jpg,43HC-00035
type3_251.jpg,43HC-00033
type3_252.jpg,43HC-00033
type3_254.jpg,43HC-00028
type3_255.jpg,43HC-00026
type3_256.jpg,43HC-00026
type3_257.jpg,43HC-00024
type3_258.jpg,43HC-00024
type3_259.jpg,43HC-00021
type3_261.jpg,43HC-00019
type3_263.jpg,43HC-00015
type3_264.jpg,43HC-00015
type3_265.jpg,43HC-00013
type3_266.jpg,43HC-00013
type3_267.jpg,43HC-00012
type3_268.jpg,43HC-00011
type3_269.jpg,43HC-00010
type3_270.jpg,43HC-00009
type3_271.jpg,43HC-00008
type3_272.jpg,43HC-00007
type3_273.jpg,43HC-00005
type3_274.jpg,43HC-00005
type3_275.jpg,43HC-00004
type3_276.jpg,43HC-00004
type3_277.jpg,29KT-00576
type3_278.jpg,29KT-00576
type3_279.jpg,36MĐ1-01980
type3_280.jpg,61LD-07138
type3_281.jpg,60LD-2397
type3_283.jpg,61LD-05750
type3_284.jpg,60MĐ1-01635
type3_285.jpg,29LD-07324
type3_286.jpg,19LD-00326
type3_287.jpg,99LD-02313
type3_288.jpg,29HC-00035
type3_289.jpg,60RM-00092
type3_290.jpg,29CD-00278
type3_291.jpg,60CD-00014
type3_292.jpg,60CD-00051
type3_293.jpg,29CD-00089
type3_294.jpg,43LA-0997
type3_295.jpg,72LD-00509
type3_296.jpg,61LD-04262
type3_297.jpg,72TĐ-00310
type3_298.jpg,72TĐ-00310
type3_299.jpg,72HC-00405
type3_300.jpg,72LD-00509
type3_301.jpg,61LD-04262
type3_302.jpg,72TĐ-00310
type3_303.jpg,72TĐ-00310
type3_304.jpg,72HC-00405
type3_305.jpg,72HC-00405
type3_306.jpg,50LD-17690
type3_307.jpg,60LD-01099
type3_308.jpg,60LD-02800
type3_309.jpg,29KT-00524
type3_310.jpg,68MĐ7-50114
type3_311.jpg,60MĐ1-02626
type3_312.jpg,43HC-00001
type3_313.jpg,50LA-2247
type3_314.jpg,50LD-13147
type3_315.jpg,50LD-17243
type3_316.jpg,50LD-19945
type3_317.jpg,50LD-19536
type3_318.jpg,50LD-15883
type3_319.jpg,41MĐ1-20403
type3_320.jpg,60MĐ2-50009
type3_321.jpg,50LD-03865
type3_322.jpg,60MĐ1-00826
type3_323.jpg,50LD-14754
type3_324.jpg,50LD-14754
type3_325.jpg,50TĐ-00242
type3_326.jpg,50TĐ-02661
type3_327.jpg,62LD-00507
type3_328.jpg,60LD-01393
type3_329.jpg,88LD-00657
type3_330.jpg,88LD-00657
type3_331.jpg,60MĐ1-01706
type3_332.jpg,60MĐ1-01565
type3_333.jpg,62LD-00371
type3_334.jpg,86MĐ8-00131
type3_335.jpg,88LD-01187
type3_336.jpg,15HC-00320
type3_337.jpg,15HC-00376
type3_338.jpg,15HC-00321
type3_339.jpg,15HC-00023
type3_340.jpg,15HC-00279
type3_341.jpg,15HC-00193
type3_342.jpg,15HC-00188
type3_343.jpg,15HC-00271
type3_344.jpg,15HC-00375
type3_345.jpg,15LD-01130
type3_346.jpg,98LD-00762
type3_347.jpg,88LD-01145
type3_348.jpg,15HC-00372
type3_349.jpg,60MĐ5-50058
type3_350.jpg,60MĐ1-00800
type3_351.jpg,60MĐ1-02426
type3_352.jpg,29KT-20130
type3_353.jpg,60LD-02361
type3_354.jpg,89LD-0162
type3_355.jpg,60LD-00573
type3_356.jpg,60SA-0355
type3_357.jpg,60MĐ2-00030
type3_358.jpg,29LD-02934
type3_359.jpg,29LD-31462
type3_360.jpg,50LD-19389
type3_361.jpg,50LD-16957
type3_362.jpg,60MĐ1-02041
type3_363.jpg,41MĐ1-36242
type3_364.jpg,60MĐ1-01925
type3_365.jpg,60LD-2484
type3_366.jpg,50LD-19285
type3_367.jpg,34LD-00804
type3_368.jpg,29LD-07139
type3_369.jpg,99LD-02930
type3_370.jpg,60LD-00072
type3_371.jpg,50LD-21302
type3_372.jpg,60MĐ5-50335
type3_373.jpg,60LD-01428
type3_376.jpg,50LD-18155
type3_377.jpg,50LD-13017
type3_378.jpg,50KT-00271
type3_379.jpg,29LD-02816
type3_380.jpg,68LD-00011
type3_381.jpg,68LD-00011
type3_383.jpg,60LD-03486
type3_384.jpg,14HC-02407
type3_385.jpg,14HC-02161
type3_387.jpg,29LD-03185
type3_388.jpg,14HC-02886
type3_389.jpg,29LD-06904
type3_390.jpg,29LD-32846
type3_391.jpg,14HC-02776
type3_392.jpg,29KT-00510
type3_393.jpg,29KT-10640
type3_394.jpg,72LD-00470
type3_395.jpg,61LD-05575
type3_396.jpg,60LD-04086
type3_397.jpg,50LD-16109
type3_399.jpg,50LD-09471
type3_400.jpg,50LD-20146
type3_401.jpg,29KT-10400
type3_402.jpg,60LD-00549
type3_403.jpg,52LD-5264
type3_404.jpg,52LD-5264
type3_405.jpg,29HC-00113
type3_406.jpg,29LD-32368
type3_407.jpg,29LD-31758
type3_408.jpg,29LD-31683
type3_409.jpg,29LD-32159
type3_410.jpg,14LD-00230
type3_411.jpg,14LD-00037
type3_412.jpg,29LD-2989
type3_413.jpg,29LD-31558
type3_414.jpg,29LD-05703
type3_415.jpg,50LD-15438
type3_416.jpg,18MĐ2-03459
type3_417.jpg,60LD-00527
type3_418.jpg,60LD-04557
type3_419.jpg,60LD-3475
type3_420.jpg,62LD-00507
type3_421.jpg,60LD-04185
type3_422.jpg,60LD-03450
type3_423.jpg,14KT-01188
type3_424.jpg,49HC-00023
type3_425.jpg,29LD-31562
type3_426.jpg,15HC-00408
type3_427.jpg,15HC-00403
type3_428.jpg,15HC-00374
type3_429.jpg,15HC-00405
type3_430.jpg,15HC-00404
type3_431.jpg,15HC-00418
type3_432.jpg,15HC-00371
type3_433.jpg,15HC-00407
type3_434.jpg,15HC-00409
type3_435.jpg,15HC-00402
type3_436.jpg,33LD-0027
type3_437.jpg,49HC-00053
type3_438.jpg,60LD-02961
type3_439.jpg,60LD-04088
type3_440.jpg,50LD-17645
type3_441.jpg,60LD-01537
type3_442.jpg,60LD-04244
type3_443.jpg,60LD-02757
type3_444.jpg,60LD-4300
type3_445.jpg,29MĐ1-95296
type3_446.jpg,29KT-10373
type3_447.jpg,29KT-20145
type3_448.jpg,50LD-05417
type3_449.jpg,29KT-00686
type3_450.jpg,90LD-00436
type3_451.jpg,60MĐ1-12345
type3_452.jpg,15MĐ3-09839
type3_453.jpg,60MĐ1-00426
type3_454.jpg,15MĐ6-77404
type3_455.jpg,15MĐ6-71059
type3_456.jpg,60MĐ1-00461
type3_457.jpg,60LD-04216
type3_458.jpg,60LD-03645
type3_459.jpg,62LD-01557
type3_460.jpg,62LD-01557
type3_461.jpg,60LD-04169
type3_462.jpg,29MĐ3-22299
type3_463.jpg,29LD-03677
type3_464.jpg,29LD-32355
type3_465.jpg,60LD-01965
type3_466.jpg,60LD-4507
type3_467.jpg,50LD-12759
type3_468.jpg,60LD-03045
type3_469.jpg,50LD-19904
type3_470.jpg,29LD-0777
type3_471.jpg,29KT-10721
type3_472.jpg,60LD-01837
type3_473.jpg,34MĐ1-07086
type3_474.jpg,34MĐ1-62851
type3_475.jpg,34SA-0199
type3_476.jpg,34LA-0988
type3_477.jpg,60LD-01737
type3_478.jpg,29MĐ1-48487
type3_479.jpg,29LD-07097
type3_480.jpg,60LD-04247
type3_481.jpg,61LD-07055
type3_482.jpg,60LD-00444
type3_483.jpg,62LD-01646
type3_484.jpg,60LD-1510
type3_485.jpg,50LD-13210
type3_486.jpg,50LD-21165
type3_487.jpg,50LA-4071
type3_489.jpg,60LD-02046
type3_490.jpg,60LD-4331
type3_491.jpg,90LD-00484
type3_492.jpg,89LD-00552
type3_493.jpg,90LD-00461
type3_494.jpg,18MĐ7-09276
type3_495.jpg,29MĐ3-43259
type3_496.jpg,60LA-3610
type3_497.jpg,93LD-00362
type3_498.jpg,60LD-2903
type3_499.jpg,60LD-02287
type3_500.jpg,60LD-04205
type3_501.jpg,60LD-03996
type3_502.jpg,60LD-2308
type3_503.jpg,29LD-0777
type3_504.jpg,29LD-4867
type3_505.jpg,29LD-31573
type3_506.jpg,60LD-01917
type3_507.jpg,60LD-03449
type3_508.jpg,60LD-04398
type3_509.jpg,60LD-03205
type3_510.jpg,60LD-01961
type3_511.jpg,20MĐ1-13827
type3_512.jpg,60MĐ1-00827
type3_513.jpg,60MĐ1-01835
type3_514.jpg,60MĐ1-01038
type3_515.jpg,60MĐ1-01924
type3_516.jpg,60MĐ2-50102
type3_517.jpg,60MĐ1-01563
type3_518.jpg,99LD-01590
type3_519.jpg,60MĐ5-50244
type3_520.jpg,60MĐ1-01924
type3_521.jpg,60MĐ2-50102
type3_522.jpg,60MĐ1-01563
type3_523.jpg,99LD-01590
type3_524.jpg,60MĐ5-50244
type3_525.jpg,29DA-0126
type3_526.jpg,60MĐ1-00700
type3_527.jpg,60MĐ1-00868
type3_528.jpg,60MĐ1-01815
type3_529.jpg,60MĐ1-01064
type3_530.jpg,60MĐ1-02288
type3_531.jpg,60MĐ1-01028
type3_532.jpg,60MĐ1-01060
type3_533.jpg,60MĐ1-02440
type3_534.jpg,60MĐ1-02339
type3_535.jpg,38MĐ1-39369
type3_536.jpg,60LD-00956
type3_537.jpg,60MĐ1-01906
type3_538.jpg,29MĐ1-18299
type3_539.jpg,60MĐ1-01194
type3_540.jpg,60MĐ1-01604
type3_541.jpg,60MĐ1-00917
type3_542.jpg,60MĐ4-50362
type3_543.jpg,60MĐ5-50107
type3_544.jpg,60MĐ1-02028
type3_545.jpg,60MĐ1-01659
type3_546.jpg,60MĐ1-01870
type3_547.jpg,60MĐ1-02343
type3_548.jpg,60MĐ1-01811
type3_549.jpg,60MĐ1-00763
type3_550.jpg,60MĐ1-00773
type3_551.jpg,60MĐ1-01528
type3_552.jpg,60MĐ1-01371
type3_553.jpg,60MĐ1-01949
type3_554.jpg,60MĐ1-02034
type3_555.jpg,29MĐ2-71035
type3_556.jpg,60MĐ1-01836
type3_557.jpg,60MĐ1-01825
type3_558.jpg,60MĐ1-01760
type3_559.jpg,60MĐ1-01954
type3_560.jpg,68HC-00001
type3_561.jpg,68HC-00001
type3_562.jpg,68HC-00002
type3_563.jpg,68HC-00002
type3_564.jpg,68HC-00003
type3_565.jpg,68HC-00003
type3_566.jpg,68HC-00004
type3_567.jpg,68HC-00004
type3_568.jpg,68HC-00005
type3_569.jpg,68HC-00005
type3_570.jpg,68HC-00006
type3_571.jpg,68HC-00006
type3_572.jpg,68HC-00007
type3_573.jpg,68HC-00007
type3_575.jpg,68HC-00008
type3_576.jpg,68HC-00009
type3_577.jpg,68HC-00009
type3_578.jpg,68HC-00010
type3_579.jpg,68HC-00010
type3_580.jpg,68HC-00011
type3_581.jpg,68HC-00011
type3_582.jpg,68HC-00012
type3_583.jpg,68HC-00012
type3_584.jpg,68HC-00015
type3_585.jpg,68HC-00015
type3_586.jpg,68HC-00016
type3_587.jpg,68HC-00016
type3_588.jpg,68HC-00018
type3_589.jpg,68HC-00019
type3_590.jpg,68HC-00019
type3_591.jpg,68HC-00020
type3_592.jpg,68HC-00020
type3_593.jpg,68HC-00022
type3_594.jpg,68HC-00022
type3_595.jpg,68HC-00023
type3_596.jpg,68HC-00023
type3_597.jpg,68HC-00024
type3_598.jpg,68HC-00024
type3_599.jpg,68HC-00025
type3_600.jpg,68HC-00025
type3_601.jpg,68HC-00027
type3_602.jpg,68HC-00027
type3_603.jpg,68HC-00028
type3_604.jpg,68HC-00028
type3_605.jpg,68HC-00029
type3_606.jpg,68HC-00029
type3_607.jpg,68HC-00030
type3_608.jpg,68HC-00030
type3_609.jpg,68HC-00031
type3_610.jpg,68HC-00031
type3_611.jpg,68HC-00032
type3_612.jpg,68HC-00032
type3_613.jpg,68HC-00033
type3_614.jpg,68HC-00033
type3_615.jpg,68HC-00034
type3_616.jpg,68HC-00034
type3_617.jpg,68HC-00035
type3_618.jpg,68HC-00035
type3_619.jpg,68HC-00036
type3_620.jpg,68HC-00036
type3_621.jpg,68HC-00037
type3_622.jpg,68HC-00037
type3_624.jpg,68HC-00040
type3_625.jpg,68HC-00040
type3_626.jpg,68HC-00041
type3_627.jpg,68HC-00041
type3_628.jpg,68HC-00042
type3_629.jpg,68HC-00042
type3_630.jpg,68HC-00043
type3_631.jpg,68HC-00043
type3_632.jpg,68HC-00044
type3_633.jpg,68HC-00044
type3_634.jpg,68HC-00045
type3_635.jpg,68HC-00045
type3_636.jpg,68HC-00047
type3_637.jpg,68HC-00047
type3_638.jpg,68HC-00048
type3_639.jpg,68HC-00048
type3_640.jpg,68HC-00050
type3_641.jpg,68HC-00050
type3_643.jpg,68HC-00052
type3_644.jpg,68HC-00053
type3_645.jpg,68HC-00054
type3_646.jpg,68HC-00054
type3_647.jpg,68HC-00056
type3_648.jpg,68HC-00056
type3_649.jpg,68HC-00057
type3_650.jpg,68HC-00057
type3_651.jpg,68HC-00058
type3_652.jpg,68HC-00058
type3_653.jpg,68HC-00059
type3_654.jpg,68HC-00059
type3_655.jpg,68HC-00060
type3_656.jpg,68HC-00060
type3_657.jpg,68HC-00061
type3_658.jpg,68HC-00061
type3_659.jpg,68HC-00063
type3_660.jpg,68HC-00063
type3_661.jpg,68HC-00065
type3_662.jpg,68HC-00065
type3_663.jpg,68HC-00066
type3_664.jpg,68HC-00066
type3_665.jpg,68HC-00067
type3_666.jpg,68HC-00067
type3_667.jpg,68HC-00068
type3_668.jpg,68HC-00068
type3_669.jpg,68HC-00069
type3_670.jpg,68HC-00069
type3_671.jpg,29LD-31975
type3_672.jpg,37MĐ1-68956
type3_673.jpg,99LD-00743
type3_674.jpg,29LA-4633
type3_675.jpg,61LD-07017
type3_676.jpg,99LD-01246
type3_677.jpg,60MĐ1-01874
type3_678.jpg,50LD-07845
type3_679.jpg,61LD-07878
type3_680.jpg,50LD-18567
type3_681.jpg,50LD-14520
type3_682.jpg,60LD-02284
type3_683.jpg,60LD-01949
type3_684.jpg,60LD-02380
type3_685.jpg,60MĐ1-01161
type3_686.jpg,60TĐ-00005
type3_687.jpg,50KT-00265
type3_688.jpg,50LD-20112
type3_689.jpg,60MĐ1-01832
type3_690.jpg,60MĐ1-01161
type3_691.jpg,60TĐ-00005
type3_692.jpg,50KT-00265
type3_693.jpg,50LD-20112
type3_694.jpg,60MĐ1-01832
type3_695.jpg,50LD-06105
type3_696.jpg,51LD-1115
type3_697.jpg,62LD-00595
type3_698.jpg,60LD-00270
type3_699.jpg,60MĐ1-01938
type3_700.jpg,60MĐ1-01636
type3_701.jpg,60MĐ1-02150
type3_702.jpg,60MĐ1-02245
type3_703.jpg,60MĐ1-01880
type3_704.jpg,60MĐ1-00820
type3_705.jpg,15MĐ6-75021
type3_706.jpg,60MĐ1-01927
type3_707.jpg,60MĐ1-01657
type3_708.jpg,60MĐ1-01805
type3_709.jpg,60MĐ1-01284
type3_710.jpg,15MĐ6-75021
type3_711.jpg,60MĐ1-01927
type3_712.jpg,60MĐ1-01657
type3_713.jpg,60MĐ1-01805
type3_714.jpg,60MĐ1-01284
type3_715.jpg,60MĐ1-01044
type3_716.jpg,61LD-02799
type3_717.jpg,99LD-00425
type3_718.jpg,50LD-00165
type3_719.jpg,50LD-20347
type3_720.jpg,47MĐ1-48288
type3_721.jpg,50LD-13453
type3_722.jpg,50LD-00217
type3_723.jpg,60LD-02774
type3_724.jpg,50LD-18334
type3_725.jpg,62LD-01840
type3_726.jpg,60MĐ1-01162
type3_727.jpg,60MĐ1-02126
type3_728.jpg,60MĐ1-02107
type3_729.jpg,60MĐ6-50163
type3_730.jpg,50LD-12078
type3_731.jpg,61LD-01391
type3_732.jpg,61LD-3853
type3_733.jpg,60LD-01442
type3_734.jpg,50LD-06195
type3_735.jpg,50LD-14849
type3_736.jpg,19LD-00253
type3_737.jpg,51LD-5680
type3_738.jpg,50LD-07298
type3_739.jpg,50LD-16962
type3_740.jpg,50LD-15824
type3_741.jpg,50LD-15824
type3_742.jpg,50LD-18233
type3_743.jpg,50LD-19450
type3_744.jpg,50LD-19450
type3_745.jpg,60LD-02423
type3_746.jpg,50LD-17638
type3_747.jpg,29KT-11189
type3_748.jpg,61LD-00896
type3_749.jpg,41MĐ1-56636
type3_750.jpg,41MĐ1-44983
type3_751.jpg,41MĐ1-48610
type3_752.jpg,68MĐ8-00776
type3_753.jpg,41MĐ1-00370
type3_754.jpg,68MĐ8-00482
type3_755.jpg,68MĐ8-00818
type3_756.jpg,15MĐ6-74757
type3_758.jpg,60LD-00098
type3_759.jpg,50LD-04892
type3_760.jpg,68MĐ8-00818
type3_761.jpg,15MĐ6-74757
type3_763.jpg,60LD-00098
type3_764.jpg,50LD-04892
type3_765.jpg,61LD-01821
type3_766.jpg,61LD-4539
type3_767.jpg,61LD-03696
type3_768.jpg,61LD-07229
type3_769.jpg,50LD-06148
type3_770.jpg,50LD-09240
type3_771.jpg,29LD-0664
type3_772.jpg,50LD-13860
type3_773.jpg,50TĐ-02440
type3_774.jpg,79LD-00015
type3_775.jpg,71LD-0001
type3_776.jpg,79HC-00038
type3_777.jpg,49LD-00083
type3_778.jpg,52LD-4446
type3_779.jpg,50LD-00373
type3_780.jpg,52LD-4576
type3_781.jpg,79LA-0292
type3_782.jpg,79MĐ1-04455
type3_783.jpg,51LD-4222
type3_784.jpg,50LD-02882
type3_785.jpg,79MĐ1-02340
type3_786.jpg,86LD-00013
type3_787.jpg,29HC-00036
type3_788.jpg,86MĐ9-00463
type3_789.jpg,79MĐ1-04296
type3_790.jpg,79MĐ1-02340
type3_791.jpg,86LD-00013
type3_792.jpg,29HC-00036
type3_793.jpg,86MĐ9-00463
type3_794.jpg,79MĐ1-04296
type3_795.jpg,79MĐ1-03720
type3_796.jpg,79MĐ1-00891
type3_797.jpg,79MĐ1-02070
type3_798.jpg,79MĐ2-01265
type3_799.jpg,79MĐ1-05450
type3_800.jpg,99LD-01954
type3_801.jpg,99LD-01991
type3_802.jpg,86MĐ9-00253
type3_803.jpg,15MĐ4-01453
type3_804.jpg,79MĐ1-05506
type3_805.jpg,79MĐ1-05307
type3_806.jpg,79MĐ1-05147
type3_807.jpg,79MĐ3-01267
type3_808.jpg,68MĐ8-00006
type3_809.jpg,79MĐ1-04310
type3_811.jpg,29KT-10001
type3_812.jpg,29KT-10056
type3_813.jpg,50LD-05336
type3_814.jpg,79LD-00085
type3_815.jpg,50LD-14256
type3_816.jpg,79LD-00122
type3_817.jpg,79KT-00017
type3_819.jpg,79LD-00122
type3_820.jpg,50LD-03809
type3_821.jpg,79LD-00101
type3_822.jpg,70LD-00239
type3_823.jpg,64LD-00094
type3_824.jpg,79HC-00002
type3_825.jpg,16LD-0909
type3_826.jpg,79HC-00005
type3_827.jpg,98LD-0017
type3_828.jpg,29LD-01205
type3_829.jpg,78LD-0037
type3_830.jpg,16LD-0909
type3_831.jpg,79HC-00005
type3_832.jpg,98LD-0017
type3_833.jpg,29LD-01205
type3_834.jpg,78LD-0037
type3_835.jpg,50LD-03779
type3_836.jpg,50LD-08473
type3_837.jpg,50LD-07889
type3_838.jpg,79LD-00166
type3_839.jpg,50LD-10918
type3_840.jpg,79LD-00241
type3_841.jpg,79LD-00113
type3_842.jpg,79LD-00281
type3_843.jpg,52LD-2569
type3_844.jpg,79LD-00229
type3_845.jpg,60LD-02277
type3_846.jpg,92SA-0086
type3_848.jpg,79SA-0139
type3_849.jpg,50LD-08189
type3_850.jpg,50LD-08189
type3_851.jpg,79LD-00143
type3_853.jpg,29LD-01702
type3_854.jpg,79LD-00184
type3_855.jpg,79LD-00177
type3_856.jpg,79LD-00153
type3_857.jpg,43LD-00133
type3_858.jpg,79HC-00007
type3_859.jpg,79LA-0153
type3_860.jpg,63LD-0278
type3_861.jpg,50SA-0985
type3_862.jpg,79LD-00105
type3_863.jpg,29KT-10049
type3_864.jpg,50LD-10041
type3_865.jpg,79LD-00256
type3_866.jpg,79LD-00044
type3_867.jpg,79HC-00021
type3_868.jpg,79HC-00021
type3_870.jpg,79LD-00256
type3_871.jpg,79LD-00044
type3_872.jpg,79HC-00021
type3_873.jpg,79HC-00021
type3_875.jpg,50LD-02879
type3_876.jpg,61LD-04830
type3_877.jpg,50LD-09096
type3_878.jpg,50LD-10304
type3_879.jpg,52LD-3449
type3_880.jpg,65LD-00055
type3_881.jpg,50LD-09341
type3_882.jpg,50KT-00159
type3_883.jpg,50LD-10528
type3_884.jpg,50LD-09411
type3_885.jpg,50LD-11415
type3_886.jpg,50LD-09384
type3_887.jpg,29KT-10408
type3_888.jpg,50LD-11481
type3_889.jpg,52LD-5310
type3_890.jpg,29KT-10382
type3_891.jpg,85LD-00009
type3_892.jpg,86LD-00211
type3_893.jpg,61LD-4820
type3_894.jpg,86LD-00161
type3_896.jpg,49HC-00001
type3_897.jpg,49HC-00002
type3_898.jpg,49HC-00005
type3_899.jpg,49HC-00010
type3_901.jpg,49HC-00001
type3_902.jpg,49HC-00002
type3_903.jpg,49HC-00005
type3_904.jpg,49HC-00010
type3_905.jpg,52LD-5314
type3_906.jpg,29LD-02634
type3_907.jpg,29LD-02182
type3_908.jpg,79LD-00192
type3_909.jpg,79LD-00226
type3_910.jpg,79LD-00093
type3_911.jpg,79LD-00273
type3_912.jpg,41DA-00034
type3_913.jpg,50LD-05450
type3_914.jpg,80LD-0308
type3_915.jpg,79HC-00009
type3_917.jpg,79LD-00136
type3_918.jpg,29LD-02807
type3_919.jpg,79LD-00291
type3_920.jpg,79LD-00132
type3_921.jpg,49LD-00070
type3_922.jpg,60LD-00656
type3_923.jpg,79LD-00095
type3_924.jpg,79HC-00032
type3_925.jpg,79HC-00032
type3_926.jpg,79HC-00036
type3_927.jpg,79SA-0169
type3_929.jpg,79LA-0348
type3_930.jpg,79HC-00032
type3_931.jpg,79HC-00036
type3_932.jpg,79SA-0169
type3_934.jpg,79LA-0348
type3_936.jpg,29LD-03678
type3_937.jpg,79SA-0217
type3_938.jpg,79SA-0217
type3_940.jpg,79HC-00039
type3_942.jpg,79HC-00005
type3_943.jpg,79LD-00120
type3_944.jpg,79LD-00120
type3_945.jpg,79LD-00234
type3_946.jpg,79KT-00014
type3_947.jpg,79LD-00254
type3_948.jpg,86LD-00013
type3_949.jpg,79LD-00254
type3_950.jpg,79LD-00234
type3_951.jpg,79KT-00014
type3_952.jpg,79LD-00254
type3_953.jpg,86LD-00013
type3_954.jpg,79LD-00254
type3_955.jpg,79KT-00014
type3_956.jpg,79LD-00101
type3_957.jpg,62LD-00692
type3_958.jpg,79LD-00185
type3_959.jpg,50LD-03241
type3_960.jpg,79HC-00022
type3_961.jpg,79HC-00012
type3_962.jpg,79LD-00271
type3_963.jpg,86LD-00062
type3_964.jpg,71LD-00011
type3_965.jpg,60LD-1190
type3_966.jpg,79LD-00096
type3_967.jpg,79LD-00190
type3_968.jpg,79LD-00190
type3_969.jpg,51HC-00012
type3_970.jpg,51HC-00009
type3_971.jpg,51HC-00044
type3_972.jpg,68LA-0144
type3_973.jpg,52LD-0230
type3_974.jpg,24HC-00046
type4_000.jpg,60A-00576
type4_001.jpg,60A-00477
type4_002.jpg,60C-4888
type4_003.jpg,60A-00330
type4_004.jpg,50A-01640
type4_005.jpg,60A-01060
type4_006.jpg,50A-01040
type4_007.jpg,80A-00346
type4_008.jpg,80A-00483
type4_009.jpg,80B-2728
type4_010.jpg,29A-04355
type4_011.jpg,34A-00900
type4_012.jpg,29A-02799
type4_013.jpg,29A-01886
type4_014.jpg,60CD-00012
type4_015.jpg,70A-00066
type4_016.jpg,60M-00216
type4_017.jpg,29A-04228
type4_018.jpg,60A-00036
type4_019.jpg,60CD-00016
type4_020.jpg,60CD-00016
type4_021.jpg,85A-00217
type4_022.jpg,80A-01181
type4_024.jpg,50A-02131
type4_025.jpg,51A-3949
type4_026.jpg,29A-01175
type4_027.jpg,29A-02361
type4_028.jpg,31B-5669
type4_029.jpg,31B-5669
type4_030.jpg,80A-00461
type4_031.jpg,80A-03954
type4_032.jpg,80A-03915
type4_033.jpg,29A-00992
type4_034.jpg,31A-4174
type4_035.jpg,80B-1227
type4_036.jpg,51A-3503
type4_037.jpg,60CD-00013
type4_038.jpg,60CD-00013
type4_039.jpg,60CD-00010
type4_040.jpg,60CD-00010
type4_041.jpg,60C-1284
type4_042.jpg,60A-00173
type4_043.jpg,60A-00239
type4_044.jpg,60A-00984
type4_045.jpg,60CD-00016
type4_046.jpg,60A-00554
type4_047.jpg,60C-1334
type4_048.jpg,60A-00572
type4_049.jpg,60A-00132
type4_050.jpg,60A-00109
type4_051.jpg,60A-00554
type4_052.jpg,60A-00431
type4_053.jpg,60A-00110
type4_054.jpg,60A-00285
type4_055.jpg,60A-00589
type4_056.jpg,60A-00173
type4_057.jpg,60A-00255
type4_058.jpg,60A-00231
type4_059.jpg,60A-00984
type4_060.jpg,60A-00984
type4_061.jpg,60A-00231
type4_062.jpg,60A-00540
type4_063.jpg,60A-00556
type4_064.jpg,60C-1362
type4_065.jpg,60C-1362
type4_066.jpg,60A-00467
type4_067.jpg,60A-00467
type4_068.jpg,60A-00036
type4_069.jpg,60A-00036
type4_070.jpg,60A-00616
type4_071.jpg,60A-00887
type4_072.jpg,60A-00644
type4_073.jpg,60A-00545
type4_074.jpg,60A-00023
type4_075.jpg,60A-00990
type4_076.jpg,60A-00616
type4_077.jpg,60A-00546
type4_078.jpg,60A-00581
type4_079.jpg,60A-00887
type4_080.jpg,60A-00990
type4_081.jpg,60A-00150
type4_083.jpg,60A-00983
type4_084.jpg,60A-00519
type4_087.jpg,31A-7669
type4_088.jpg,80B-0276
type4_089.jpg,61A-00252
type4_090.jpg,50A-00577
type4_091.jpg,80A-03619
type4_092.jpg,60A-00746
type4_093.jpg,60A-00799
type4_094.jpg,60A-00920
type4_095.jpg,60M-00100
type4_096.jpg,60A-00125
type4_097.jpg,50M-00046
type4_098.jpg,51F-0108
type4_099.jpg,50A-01592
type4_101.jpg,51F-0065
type4_103.jpg,51F-0219
type4_104.jpg,63M-00030
type4_105.jpg,60A-00967
type4_106.jpg,34A-00547
type4_107.jpg,34A-00547
type4_108.jpg,88A-8668
type4_109.jpg,29A-16689
type4_110.jpg,29M-00303
type4_111.jpg,50A-00849
type4_112.jpg,47A-00412
type4_113.jpg,72M-00055
type4_114.jpg,80B-5611
type4_115.jpg,29A-04468
type4_116.jpg,31A-7351
type4_117.jpg,50A-01792
type4_118.jpg,80B-3419
type4_119.jpg,29A-02645
type4_120.jpg,80A-03766
type4_121.jpg,29A-00821
type4_122.jpg,50A-02067
type4_123.jpg,50A-02067
type4_124.jpg,50A-01314
type4_125.jpg,51A-4197
type4_126.jpg,80A-05226
type4_127.jpg,50A-02256
type4_128.jpg,50A-01532
type4_129.jpg,50A-01532
type4_130.jpg,51A-4307
type4_131.jpg,50CD-00008
type4_132.jpg,80B-5241
type4_133.jpg,80A-03536
type4_134.jpg,80A-04396
type4_135.jpg,31A-7617
type4_136.jpg,80A-05593
type4_137.jpg,50A-02278
type4_138.jpg,80A-05986
type4_139.jpg,80A-05986
type4_140.jpg,50A-00950
type4_141.jpg,50A-00950
type4_142.jpg,51A-1654
type4_143.jpg,51A-1654
type4_144.jpg,92E-1026
type4_145.jpg,60M-00098
type4_146.jpg,60M-00527
type4_147.jpg,60A-00481
type4_148.jpg,43A-00184
type4_149.jpg,43A-00184
type4_150.jpg,60M-00545
type4_151.jpg,60A-00973
type4_152.jpg,60A-00792
type4_153.jpg,80A-06172
type4_154.jpg,29A-00007
type4_155.jpg,60A-00024
type4_156.jpg,60A-00756
type4_157.jpg,60A-00567
type4_158.jpg,60A-00919
type4_159.jpg,60C-6888
type4_160.jpg,60A-01002
type4_161.jpg,80A-01318
type4_162.jpg,80A-01318
type4_163.jpg,23A-00886
type4_164.jpg,38A-7769
type4_165.jpg,80A-11718
type4_166.jpg,29A-06105
type4_167.jpg,29A-06242
type4_168.jpg,12A-00859
type4_169.jpg,20A-00868
type4_170.jpg,80A-01563
type4_171.jpg,29A-00176
type4_172.jpg,29A-02867
type4_173.jpg,29A-04275
type4_174.jpg,29M-00367
type4_175.jpg,29A-01914
type4_176.jpg,33A-6769
type4_177.jpg,29A-02044
type4_178.jpg,80B-2785
type4_179.jpg,60C-7499
type4_180.jpg,60A-00421
type4_181.jpg,60A-00018
type4_182.jpg,60A-00225
type4_183.jpg,60A-00141
type4_184.jpg,80B-2785
type4_185.jpg,60A-00638
type4_186.jpg,60A-00457
type4_187.jpg,60A-00018
type4_188.jpg,60A-00421
type4_189.jpg,60A-00669
type4_190.jpg,60A-00418
type4_191.jpg,60A-00969
type4_192.jpg,60A-00225
type4_193.jpg,60A-00991
type4_194.jpg,60C-1349
type4_195.jpg,60A-00658
type4_196.jpg,60A-00658
type4_197.jpg,60A-00352
type4_198.jpg,60A-00485
type4_199.jpg,60A-00167
type4_200.jpg,60A-00086
type4_201.jpg,60A-00153
type4_202.jpg,60A-00153
type4_203.jpg,60C-6888
type4_204.jpg,60A-01060
type4_205.jpg,80A-00597
type4_206.jpg,80B-4655
type4_207.jpg,89A-00699
type4_208.jpg,31A-6096
type4_209.jpg,29A-02649
type4_210.jpg,80A-02028
type4_211.jpg,29A-01866
type4_212.jpg,29A-00060
type4_213.jpg,29A-06061
type4_214.jpg,37A-00485
type4_215.jpg,80A-13888
type4_216.jpg,80A-16686
type4_217.jpg,80A-11989
type4_218.jpg,80B-2045
type4_219.jpg,80A-03588
type4_220.jpg,80A-31968
type4_221.jpg,18A-00325
type4_222.jpg,29A-06057
type4_223.jpg,80A-23839
type4_224.jpg,60A-00560
type4_225.jpg,60A-00980
type4_226.jpg,60A-00496
type4_227.jpg,60C-5566
type4_228.jpg,80A-00565
type4_229.jpg,20B-0704
type4_230.jpg,50C-6356
type4_231.jpg,31A-8400
type4_232.jpg,29A-02809
type4_233.jpg,31A-8395
type4_234.jpg,50A-01232
type4_235.jpg,50A-01842
type4_236.jpg,51A-4012
type4_237.jpg,50M-00047
type4_238.jpg,50A-01026
type4_239.jpg,50A-01833
type4_240.jpg,51F-0283
type4_241.jpg,50M-00041
type4_242.jpg,50A-01039
type4_243.jpg,50M-00156
type4_244.jpg,50M-00155
type4_245.jpg,51A-1980
type4_246.jpg,50A-00947
type4_247.jpg,80A-01721
type4_248.jpg,29A-06081
type4_249.jpg,31A-6804
type4_250.jpg,29A-04512
type4_251.jpg,29A-04511
type4_252.jpg,31A-7076
type4_253.jpg,31A-5370
type4_254.jpg,29A-06035
type4_255.jpg,29M-00009
type4_256.jpg,31A-5252
type4_257.jpg,80A-00106
type4_258.jpg,29M-00628
type4_259.jpg,80A-01614
type4_260.jpg,20M-00003
type4_261.jpg,80A-35781
type4_262.jpg,37A-00445
type4_263.jpg,37A-00247
type4_264.jpg,29A-01731
type4_265.jpg,31B-1168
type4_266.jpg,80A-01764
type4_267.jpg,80A-03059
type4_268.jpg,80A-01059
type4_269.jpg,80A-18368
type4_270.jpg,80A-05102
type4_271.jpg,80B-4412
type4_272.jpg,80A-00081
type4_273.jpg,12A-4688
type4_274.jpg,80A-58868
type4_275.jpg,80A-05908
type4_276.jpg,60A-01239
type4_277.jpg,80B-8199
type4_278.jpg,60A-00888
type4_279.jpg,51A-1391
type4_280.jpg,29A-01699
type4_281.jpg,80A-00850
type4_282.jpg,50A-00934
type4_283.jpg,50A-00670
type4_284.jpg,50A-00700
type4_285.jpg,51A-0821
type4_286.jpg,66A-00777
type4_287.jpg,80B-3485
type4_288.jpg,29A-04501
type4_289.jpg,29A-04562
type4_290.jpg,80B-3685
type4_291.jpg,80A-01710
type4_292.jpg,80A-00174
type4_293.jpg,80A-02027
type4_294.jpg,80A-02069
type4_295.jpg,80A-03356
type4_296.jpg,29A-01738
type4_297.jpg,31A-4934
type4_298.jpg,29A-01880
type4_299.jpg,31A-0954
type4_300.jpg,80A-05945
type4_301.jpg,29A-00764
type4_302.jpg,34B-2186
type4_303.jpg,80A-00759
type4_304.jpg,29A-02013
type4_305.jpg,29A-01669
type4_306.jpg,31A-8245
type4_307.jpg,31A-5363
type4_308.jpg,29A-05588
type4_309.jpg,34A-00140
type4_310.jpg,29A-01533
type4_311.jpg,29A-01183
type4_312.jpg,29A-01538
type4_313.jpg,29A-00730
type4_314.jpg,29A-9191
type4_315.jpg,51A-1422
type4_316.jpg,51A-0995
type4_317.jpg,51A-1854
type4_318.jpg,80A-33333
type4_319.jpg,29A-01168
type4_320.jpg,29A-01933
type4_321.jpg,29A-01039
type4_322.jpg,31A-9589
type4_323.jpg,29A-02211
type4_324.jpg,29A-02361
type4_325.jpg,33A-5779
type4_326.jpg,29A-16688
type4_327.jpg,33A-1023
type4_328.jpg,29A-00135
type4_329.jpg,31A-7602
type4_330.jpg,80A-06231
type4_332.jpg,99A-00512
type4_333.jpg,29M-00686
type4_334.jpg,80A-01133
type4_335.jpg,29A-01514
type4_336.jpg,29A-01047
type4_338.jpg,29A-01774
type4_339.jpg,80B-3586
type4_340.jpg,29A-06100
type4_341.jpg,80A-04256
type4_342.jpg,80A-25869
type4_343.jpg,29A-04117
type4_344.jpg,29A-01863
type4_345.jpg,11A-00363
type4_346.jpg,14A-01289
type4_347.jpg,14A-01344
type4_348.jpg,29A-01450
type4_349.jpg,29A-02802
type4_350.jpg,29A-03125
type4_351.jpg,29A-06179
type4_352.jpg,80A-02477
type4_353.jpg,80A-02921
type4_354.jpg,29A-02007
type4_355.jpg,80B-3686
type4_356.jpg,80A-00094
type4_357.jpg,80B-3955
type4_358.jpg,80A-06107
type4_359.jpg,80A-06032
type4_360.jpg,80A-06014
type4_361.jpg,80A-05868
type4_362.jpg,15A-00890
type4_363.jpg,15A-00828
type4_364.jpg,80A-55999
type4_365.jpg,80A-06858
type4_366.jpg,80A-04142
type4_367.jpg,80A-31889
type4_368.jpg,80A-06012
type4_369.jpg,80A-12589
type4_370.jpg,80A-04666
type4_371.jpg,80A-03601
type4_372.jpg,29A-02684
type4_373.jpg,80A-23399
type4_374.jpg,80A-63189
type4_375.jpg,29A-01668
type4_376.jpg,80A-06031
type4_377.jpg,80A-12358
type4_378.jpg,80A-05753
type4_379.jpg,80A-06033
type4_380.jpg,80A-23368
type4_381.jpg,80A-08239
type4_382.jpg,80A-06257
type4_383.jpg,80B-5165
type4_384.jpg,80A-36636
type4_385.jpg,29A-02640
type4_386.jpg,80A-00013
type4_387.jpg,80A-23639
type4_388.jpg,80A-01581
type4_389.jpg,29A-01703
type4_390.jpg,29A-00912
type4_391.jpg,29A-02637
type4_392.jpg,29A-02333
type4_393.jpg,29A-04227
type4_394.jpg,80A-00914
type4_395.jpg,80B-2643
type4_396.jpg,29A-01109
type4_397.jpg,80A-08679
type4_398.jpg,80B-5649
type4_399.jpg,29A-02566
type4_400.jpg,80A-23699
type4_401.jpg,80A-06204
type4_402.jpg,80A-06203
type4_403.jpg,29A-02899
type4_404.jpg,80A-06218
type4_405.jpg,80B-4101
type4_406.jpg,80A-03685
type4_407.jpg,80A-00730
type4_408.jpg,29A-01760
type4_409.jpg,80A-03055
type4_410.jpg,31A-6598
type4_411.jpg,72A-00255
type4_412.jpg,50A-01893
type4_413.jpg,80A-03078
type4_415.jpg,80A-06023
type4_416.jpg,93A-00144
type4_417.jpg,50A-00876
type4_418.jpg,80A-03169
type4_419.jpg,50A-02039
type4_420.jpg,50A-02076
type4_421.jpg,50A-02071
type4_422.jpg,50A-02179
type4_423.jpg,50A-02209
type4_424.jpg,50CD-00043
type4_425.jpg,50CD-00044
type4_427.jpg,51D-0421
type4_428.jpg,50A-00907
type4_429.jpg,51B-0439
type4_430.jpg,50A-02070
type4_431.jpg,50A-02077
type4_432.jpg,50A-02078
type4_433.jpg,50A-00950
type4_434.jpg,50A-00675
type4_435.jpg,50A-00468
type4_436.jpg,50A-02079
type4_437.jpg,50M-00168
type4_438.jpg,50A-01831
type4_439.jpg,50A-02083
type4_440.jpg,50A-02074
type4_441.jpg,50A-00478
type4_442.jpg,61A-00840
type4_443.jpg,80A-00847
type4_444.jpg,60A-00735
type4_445.jpg,60M-00293
type4_446.jpg,80A-02105
type4_448.jpg,80A-23789
type4_449.jpg,11A-00610
type4_450.jpg,80A-55558
type4_451.jpg,60A-00955
type4_452.jpg,80A-04658
type4_453.jpg,80A-04658
type4_454.jpg,60A-00212
type4_455.jpg,60A-00211
type4_456.jpg,60A-00909
type4_457.jpg,50A-02067
type4_458.jpg,50A-01045
type4_459.jpg,50A-00983
type4_460.jpg,50A-00889
type4_461.jpg,50A-01066
type4_462.jpg,60A-01199
type4_463.jpg,60A-00008
type4_464.jpg,60A-00890
type4_465.jpg,60A-00356
type4_466.jpg,60A-00971
type4_467.jpg,60A-00896
type4_468.jpg,60A-00942
type4_469.jpg,60A-00538
type4_470.jpg,60A-00974
type4_471.jpg,60A-00976
type4_472.jpg,60A-00893
type4_473.jpg,60A-00432
type4_474.jpg,60A-00612
type4_475.jpg,60A-00427
type4_476.jpg,60A-00427
type4_477.jpg,60A-00302
type4_478.jpg,60A-00482
type4_479.jpg,60CD-00003
type4_480.jpg,60A-00556
type4_481.jpg,60A-00259
type4_482.jpg,60A-00204
type4_483.jpg,60A-00201
type4_484.jpg,60A-00589
type4_485.jpg,60A-00113
type4_486.jpg,60A-00647
type4_487.jpg,60A-00639
type4_488.jpg,60A-00639
type4_489.jpg,81A-00510
type4_490.jpg,80A-05581
type4_491.jpg,50A-02201
type4_492.jpg,50A-00130
type4_493.jpg,51A-4414
type4_494.jpg,80A-01782
type4_495.jpg,51F-0303
type4_496.jpg,50A-00300
type4_497.jpg,51A-4525
type4_498.jpg,51B-0123
type4_499.jpg,51B-0255
type4_500.jpg,71A-00670
type4_501.jpg,50A-00621
type4_502.jpg,50A-00495
type4_503.jpg,51A-0931
type4_504.jpg,51B-0278
type4_505.jpg,50A-01967
type4_506.jpg,51A-3915
type4_507.jpg,20B-1078
type4_508.jpg,33A-2988
type4_509.jpg,29A-02990
type4_510.jpg,80A-02811
type4_511.jpg,80A-02849
type4_512.jpg,29A-00208
type4_513.jpg,80A-01017
type4_514.jpg,29A-02400
type4_515.jpg,80B-5526
type4_516.jpg,29A-01917
type4_517.jpg,80A-00527
type4_518.jpg,80B-4328
type4_519.jpg,29A-01380
type4_520.jpg,80A-00609
type4_521.jpg,80A-00396
type4_522.jpg,80A-02578
type4_523.jpg,29M-00135
type4_524.jpg,80A-02306
type4_525.jpg,80A-05708
type4_526.jpg,31A-7133
type4_527.jpg,29A-01722
type4_528.jpg,80A-02633
type4_529.jpg,80A-02391
type4_530.jpg,80A-05838
type4_531.jpg,80A-04508
type4_532.jpg,80A-05852
type4_533.jpg,80A-00685
type4_534.jpg,50M-00066
type4_535.jpg,80A-01285
type4_536.jpg,80A-05515
type4_537.jpg,80A-03389
type4_538.jpg,80A-28699
type4_539.jpg,80A-06189
type4_540.jpg,80A-03018
type4_541.jpg,80A-05839
type4_542.jpg,15A-01268
type4_543.jpg,80A-12799
type4_544.jpg,80A-06818
type4_545.jpg,80A-01719
type4_546.jpg,80A-03128
type4_547.jpg,18A-00325
type4_548.jpg,80A-26288
type4_549.jpg,80A-15989
type4_550.jpg,80A-16189
type4_551.jpg,80A-05798
type4_552.jpg,80A-06196
type4_553.jpg,80A-04223
type4_554.jpg,80A-06089
type4_555.jpg,29A-01114
type4_556.jpg,12A-00287
type4_557.jpg,88A-00599
type4_558.jpg,80A-13566
type4_559.jpg,80A-05768
type4_560.jpg,80A-04242
type4_561.jpg,80A-05828
type4_562.jpg,80A-03637
type4_563.jpg,80A-01799
type4_565.jpg,80B-6607
type4_566.jpg,80B-6558
type4_567.jpg,29A-01127
type4_568.jpg,31A-6880
type4_569.jpg,29A-06016
type4_570.jpg,80A-00593
type4_571.jpg,29A-02786
type4_572.jpg,29A-02795
type4_573.jpg,80A-02684
type4_574.jpg,80B-2969
type4_575.jpg,80A-03493
type4_576.jpg,60A-00374
type4_577.jpg,60A-00301
type4_578.jpg,60A-00889
type4_579.jpg,60A-00210
type4_580.jpg,80A-02651
type4_581.jpg,60C-7868
type4_582.jpg,60A-00899
type4_583.jpg,60A-00977
type4_584.jpg,60A-00350
type4_585.jpg,60A-00799
type4_586.jpg,60A-00972
type4_587.jpg,60A-00666
type4_588.jpg,80A-02915
type4_589.jpg,80A-04595
type4_590.jpg,29A-01529
type4_591.jpg,80A-00791
type4_592.jpg,80A-23689
type4_593.jpg,38A-00259
type4_594.jpg,99A-00623
type4_595.jpg,18A-00446
type4_596.jpg,29A-02243
type4_597.jpg,24A-00779
type4_598.jpg,29M-00461
type4_599.jpg,36A-00922
type4_600.jpg,85A-00244
type4_601.jpg,37A-2266
type4_602.jpg,37A-00750
type4_603.jpg,37A-01192
type4_604.jpg,80A-04464
type4_605.jpg,80B-5905
type4_606.jpg,38A-0702
type4_607.jpg,36A-00754
type4_608.jpg,36A-00086
type4_609.jpg,73A-00393
type4_610.jpg,73A-00388
type4_611.jpg,73A-00395
type4_612.jpg,73B-1576
type4_613.jpg,73A-00166
type4_614.jpg,29A-06013
type4_615.jpg,73A-00266
type4_616.jpg,73A-00171
type4_617.jpg,80A-01265
type4_618.jpg,73B-3868
type4_619.jpg,74B-2555
type4_620.jpg,73A-00548
type4_621.jpg,73A-00549
type4_622.jpg,73M-00006
type4_623.jpg,73B-2599
type4_624.jpg,75A-00584
type4_625.jpg,73B-0312
type4_626.jpg,73B-2151
type4_627.jpg,73A-00551
type4_628.jpg,73B-0040
type4_629.jpg,80A-06152
type4_630.jpg,74A-00389
type4_631.jpg,76A-00287
type4_632.jpg,38A-3838
type4_633.jpg,38A-06969
type4_634.jpg,38A-00356
type4_635.jpg,14A-00555
type4_636.jpg,51A-4245
type4_637.jpg,38A-00696
type4_638.jpg,38A-15679
type4_639.jpg,38A-00098
type4_640.jpg,38A-16868
type4_641.jpg,38A-00588
type4_642.jpg,38A-6969
type4_643.jpg,38A-00365
type4_644.jpg,80A-01599
type4_645.jpg,38A-00406
type4_646.jpg,38A-0695
type4_647.jpg,38A-3799
type4_648.jpg,38A-00519
type4_649.jpg,38A-00295
type4_650.jpg,38A-00389
type4_651.jpg,80A-06999
type4_652.jpg,38A-7779
type4_653.jpg,38A-00163
type4_654.jpg,37A-00293
type4_655.jpg,49B-1120
type4_656.jpg,29A-02595
type4_657.jpg,29M-00065
type4_658.jpg,51A-1141
type4_659.jpg,51A-1456
type4_660.jpg,50A-00742
type4_661.jpg,60C-1095
type4_662.jpg,60A-00367
type4_663.jpg,60A-00659
type4_664.jpg,29A-02807
type4_665.jpg,31B-2727
type4_666.jpg,29A-01629
type4_667.jpg,31A-6429
type4_668.jpg,29A-02015
type4_669.jpg,31B-3889
type4_670.jpg,60A-00425
type4_671.jpg,60A-00264
type4_672.jpg,29A-01658
type4_673.jpg,80B-3686
type4_674.jpg,31A-6337
type4_675.jpg,29A-01939
type4_676.jpg,29M-00419
type4_677.jpg,80A-00938
type4_678.jpg,31A-3986
type4_679.jpg,31A-8089
type4_680.jpg,29A-00569
type4_681.jpg,31A-5733
type4_682.jpg,49A-00716
type4_683.jpg,80A-02586
type4_684.jpg,51A-1199
type4_685.jpg,31A-4569
type4_686.jpg,60A-00745
type4_687.jpg,60A-00972
type4_688.jpg,48A-00566
type4_689.jpg,43A-00178
type4_690.jpg,60A-00922
type4_691.jpg,60C-6779
type4_692.jpg,60M-00110
type4_693.jpg,60A-00514
type4_694.jpg,60A-00986
type4_696.jpg,60A-00985
type4_697.jpg,60A-00500
type4_698.jpg,60A-00905
type4_699.jpg,60C-0331
type4_700.jpg,60C-0331
type4_701.jpg,43A-00139
type4_702.jpg,60A-00437
type4_703.jpg,80B-3333
type4_704.jpg,60CD-00012
type4_705.jpg,60A-00315
type4_706.jpg,60A-00253
type4_707.jpg,80A-03122
type4_708.jpg,60A-00585
type4_709.jpg,60A-00540
type4_710.jpg,72C-1070
type4_711.jpg,29A-02621
type4_712.jpg,29A-00887
type4_713.jpg,80A-01212
type4_714.jpg,29A-03145
type4_715.jpg,29A-02487
type4_716.jpg,31A-8341
type4_717.jpg,80A-22289
type4_718.jpg,29A-02240
type4_719.jpg,29A-02788
type4_720.jpg,60A-00947
type4_721.jpg,60A-00947
type4_722.jpg,60A-00901
type4_723.jpg,60A-00578
type4_724.jpg,60A-00726
type4_725.jpg,60A-00324
type4_726.jpg,60A-00039
type4_727.jpg,50A-01233
type4_728.jpg,29A-02577
type4_729.jpg,50A-00345
type4_730.jpg,50A-00807
type4_731.jpg,80B-4672
type4_732.jpg,60M-00304
type4_733.jpg,80A-03877
type4_734.jpg,60A-00141
type4_735.jpg,60A-00104
type4_736.jpg,51A-2310
type4_737.jpg,60M-00383
type4_738.jpg,60A-00587
type4_739.jpg,80A-02651
type4_740.jpg,60A-00323
type4_741.jpg,60A-00297
type4_742.jpg,51A-0839
type4_743.jpg,43A-00078
type4_744.jpg,80A-05647
type4_745.jpg,29A-02247
type4_746.jpg,29M-00037
type4_747.jpg,80A-02987
type4_748.jpg,80A-02987
type4_749.jpg,80A-02956
type4_750.jpg,50CD-00024
type4_751.jpg,62A-0053
type4_752.jpg,64A-00305
type4_753.jpg,15A-00726
type4_754.jpg,66A-0810
type4_755.jpg,66A-00584
type4_756.jpg,80A-02881
type4_757.jpg,51A-1798
type4_758.jpg,51A-1893
type4_759.jpg,50A-01496
type4_760.jpg,64A-00153
type4_761.jpg,80A-06094
type4_762.jpg,64A-00157
type4_763.jpg,31A-4569
type4_764.jpg,51A-1660
type4_765.jpg,80A-01179
type4_766.jpg,67A-00619
type4_767.jpg,80A-02085
type4_768.jpg,80B-5241
type4_769.jpg,50A-00850
type4_770.jpg,72A-00098
type4_771.jpg,72A-00098
type4_772.jpg,72A-00192
type4_775.jpg,92A-00322
type4_776.jpg,43A-00604
type4_777.jpg,43A-00515
type4_778.jpg,43E-0975
type4_779.jpg,60C-6789
type4_780.jpg,60A-00889
type4_781.jpg,80A-05110
type4_782.jpg,60A-00112
type4_783.jpg,80B-4672
type4_784.jpg,80A-00208
type4_785.jpg,80A-02136
type4_786.jpg,60A-00488
type4_787.jpg,60A-00488
type4_788.jpg,60A-00993
type4_789.jpg,60A-00169
type4_790.jpg,33A-9299
type4_791.jpg,80A-01679
type4_792.jpg,51A-0928
type4_793.jpg,51A-1844
type4_794.jpg,50A-01258
type4_795.jpg,60A-00438
type4_796.jpg,80A-00339
type4_797.jpg,60A-00907
type4_798.jpg,60C-9899
type4_799.jpg,80A-01418
type4_800.jpg,80A-69698
type4_801.jpg,29A-02832
type4_802.jpg,29A-02828
type4_803.jpg,29A-02836
type4_804.jpg,31A-2943
type4_805.jpg,50M-00537
type4_806.jpg,50M-00537
type4_807.jpg,80M-00419
type4_808.jpg,50A-00876
type4_809.jpg,50A-00477
type4_811.jpg,80A-03039
type4_812.jpg,60A-00981
type4_813.jpg,60A-00653
type4_814.jpg,60A-00480
type4_815.jpg,60A-00530
type4_816.jpg,60A-00904
type4_817.jpg,60A-00099
type4_818.jpg,80A-00136
type4_819.jpg,29A-04373
type4_820.jpg,29A-04380
type4_821.jpg,29A-03141
type4_822.jpg,29A-02797
type4_823.jpg,60A-00969
type4_824.jpg,60A-00097
type4_825.jpg,29A-04346
type4_826.jpg,29A-04333
type4_827.jpg,29A-01893
type4_828.jpg,29A-02301
type4_829.jpg,60A-00405
type4_830.jpg,60A-00573
type4_831.jpg,50A-00757
type4_832.jpg,60A-00495
type4_833.jpg,60C-1376
type4_834.jpg,31A-7888
type4_835.jpg,60A-00171
type4_836.jpg,60A-00661
type4_837.jpg,29A-02346
type4_838.jpg,80A-03497
type4_839.jpg,86A-00387
type4_840.jpg,60A-00246
type4_841.jpg,60C-8399
type4_842.jpg,60CD-00003
type4_843.jpg,60A-00415
type4_845.jpg,60A-00341
type4_846.jpg,60C-4546
type4_847.jpg,60A-00517
type4_848.jpg,29A-02643
type4_849.jpg,29A-01707
type4_850.jpg,29A-02740
type4_851.jpg,29A-02742
type4_852.jpg,29A-00291
type4_853.jpg,29A-01397
type4_854.jpg,29A-01714
type4_855.jpg,29A-02531
type4_856.jpg,31A-8327
type4_857.jpg,80A-02553
type4_858.jpg,80A-04909
type4_859.jpg,80A-04973
type4_861.jpg,15A-01003
type4_862.jpg,15A-00986
type4_863.jpg,29A-04330
type4_864.jpg,29A-04327
type4_865.jpg,29A-03123
type4_866.jpg,29A-02805
type4_867.jpg,29A-02810
type4_868.jpg,29A-03120
type4_869.jpg,29A-04320
type4_870.jpg,29A-03122
type4_871.jpg,29A-04341
type4_872.jpg,29A-03121
type4_873.jpg,29A-04337
type4_874.jpg,29A-03124
type4_875.jpg,29A-03137
type4_876.jpg,29A-04380
type4_877.jpg,29A-03146
type4_878.jpg,29A-02800
type4_879.jpg,29A-02791
type4_880.jpg,29A-01929
type4_881.jpg,29A-01921
type4_882.jpg,29A-03144
type4_883.jpg,29A-02792
type4_884.jpg,29A-03117
type4_885.jpg,29A-02798
type4_886.jpg,29A-02804
type4_887.jpg,29A-02803
type4_888.jpg,29A-02830
type4_889.jpg,29A-01925
type4_890.jpg,29A-02793
type4_891.jpg,29A-04326
type4_892.jpg,29A-01935
type4_893.jpg,29A-04340
type4_894.jpg,29A-02794
type4_895.jpg,29A-03119
type4_896.jpg,29A-04324
type4_897.jpg,29A-01928
type4_898.jpg,29A-01936
type4_899.jpg,29A-04360
type4_900.jpg,29A-04335
type4_901.jpg,29M-00011
type4_902.jpg,80A-01997
type4_903.jpg,31A-5308
type4_904.jpg,50A-01587
type4_905.jpg,50A-01587
type4_906.jpg,50A-00563
type4_907.jpg,50A-00563
type4_908.jpg,50M-00602
type4_909.jpg,50M-00602
type4_910.jpg,50M-00100
type4_912.jpg,50A-02073
type4_913.jpg,50A-01436
type4_914.jpg,51B-0249
type4_915.jpg,70CD-00064
type4_916.jpg,60A-00040
type4_917.jpg,60A-00413
type4_918.jpg,80A-33669
type4_919.jpg,80A-03116
type4_920.jpg,80A-01703
type4_921.jpg,80A-23379
type4_922.jpg,29A-02888
type4_923.jpg,80A-05666
type4_924.jpg,31A-6012
type4_925.jpg,80A-01161
type4_926.jpg,29A-02033
type4_927.jpg,29A-02094
type4_928.jpg,14A-00068
type4_929.jpg,80B-5244
type4_930.jpg,29A-00919
type4_931.jpg,29A-00002
type4_932.jpg,80B-5863
type4_933.jpg,80A-00655
type4_934.jpg,60A-00702
type4_935.jpg,60A-00656
type4_936.jpg,60M-00511
type4_937.jpg,29A-02100
type4_938.jpg,80A-02022
type4_939.jpg,80A-16599
type4_940.jpg,29A-00995
type4_941.jpg,80A-03008
type4_942.jpg,80A-02675
type4_943.jpg,80A-04990
type4_944.jpg,80A-04941
type4_945.jpg,80A-03070
type4_946.jpg,80A-02296
type4_947.jpg,80A-04974
type4_948.jpg,80A-02964
type4_949.jpg,80A-02939
type4_950.jpg,80A-04324
type4_951.jpg,80A-00027
type4_952.jpg,80A-05389
type4_953.jpg,29A-00110
type4_954.jpg,60A-00608
type4_955.jpg,60C-1203
type4_956.jpg,60A-00604
type4_957.jpg,60A-00617
type4_958.jpg,60A-00176
type4_959.jpg,60A-00447
type4_960.jpg,60C-0913
type4_961.jpg,29M-00800
type4_962.jpg,80A-02510
type4_963.jpg,85A-00204
type4_964.jpg,60A-00170
type4_965.jpg,60A-00273
type4_966.jpg,60CD-00011
type4_967.jpg,29A-02950
type4_968.jpg,60C-1313
type4_969.jpg,60A-00319
type4_970.jpg,60C-3333
type4_971.jpg,50A-01130
type4_972.jpg,80B-3673
type4_973.jpg,80A-23366
type4_974.jpg,80A-05809
type4_975.jpg,64A-00220
type4_976.jpg,60A-00591
type4_977.jpg,60M-00062
type4_978.jpg,60C-1566
type4_979.jpg,60A-00129
type4_980.jpg,29A-01769
type4_981.jpg,80A-03766
type4_982.jpg,88A-00565
type4_983.jpg,14C-8268
type4_984.jpg,29A-01433
type4_985.jpg,29A-01433
type4_986.jpg,60M-00166
type4_987.jpg,60C-3777
type4_988.jpg,29A-04374
type4_989.jpg,29A-02335
type4_990.jpg,80A-06668
type4_991.jpg,60A-00538
type4_994.jpg,31A-0915
type4_995.jpg,29A-02230
type4_996.jpg,68A-00574
type4_997.jpg,68A-00574
type4_998.jpg,31A-7582
type4_999.jpg,68A-00431
type5_000.jpg,KP-4790
type5_001.jpg,KP-5060
type5_002.jpg,KP-5136
type5_003.jpg,AA-3527
type5_004.jpg,KC-7989
type5_005.jpg,KP-5310
type5_006.jpg,KP-5229
type5_007.jpg,KP-5159
type5_008.jpg,KP-5159
type5_009.jpg,HC-3245
type5_010.jpg,BC-4337
type5_011.jpg,KT-6189
type5_012.jpg,KP-5009
type5_013.jpg,KP-5009
type5_014.jpg,KP-4229
type5_015.jpg,TK-7924
type5_016.jpg,TK-7924
type5_017.jpg,QA-7203
type5_019.jpg,KP-5302
type5_020.jpg,KP-4384
type5_021.jpg,QA-7587
type5_022.jpg,QA-7587
type5_023.jpg,KP-4143
type5_024.jpg,HQ-1098
type5_025.jpg,BH-5363
type5_026.jpg,BH-5363
type5_027.jpg,HQ-1098
type5_028.jpg,AD-5745
type5_029.jpg,TK-7723
type5_030.jpg,TK-7723
type5_031.jpg,TH-6139
type5_032.jpg,BT-5717
type5_033.jpg,KC-5954
type5_034.jpg,KP-3935
type5_035.jpg,BK-6291
type5_036.jpg,AD-6041
type5_037.jpg,AV-1186
type5_038.jpg,TM-3257
type5_039.jpg,TM-6589
type5_040.jpg,VT-3088
type5_041.jpg,KP-4423
type5_042.jpg,TM-4386
type5_043.jpg,VT-2465
type5_044.jpg,AM-1095
type5_046.jpg,TT-2168
type5_047.jpg,KP-1956
type5_048.jpg,QH-5398
type5_049.jpg,KP-5278
type5_050.jpg,PP-1022
type5_051.jpg,TM-3297
type5_052.jpg,TM-3293
type5_053.jpg,TM-3340
type5_054.jpg,KP-1139
type5_055.jpg,CD-1044
type5_056.jpg,HN-1033
type5_057.jpg,BC-4285
type5_058.jpg,TM-5004
type5_059.jpg,KP-4335
type5_060.jpg,VT-2233
type5_061.jpg,TM-5086
type5_062.jpg,AA-3277
type5_063.jpg,TK-7958
type5_064.jpg,KP-5039
type5_065.jpg,BT-5644
type5_066.jpg,PP-1043
type5_067.jpg,AA-3488
type5_068.jpg,TC-3679
type5_069.jpg,KP-5328
type5_070.jpg,KP-4298
type5_071.jpg,KC-5952
type5_072.jpg,QH-6180
type5_073.jpg,QH-6180
type5_074.jpg,QH-5466
type5_075.jpg,QH-5466
type5_076.jpg,HB-2308
type5_077.jpg,HB-2285
type5_078.jpg,CD-1030
type5_079.jpg,QA-6409
type5_080.jpg,QA-6409
type5_081.jpg,QH-5598
type5_082.jpg,QH-5598
type5_083.jpg,KV-7822
type5_084.jpg,TT-3737
type5_085.jpg,TK-9085
type5_086.jpg,VT-1786
type5_087.jpg,KP-4798
type5_088.jpg,TC-3766
type5_089.jpg,TC-3766
type5_090.jpg,TC-3333
type5_091.jpg,TM-3812
type5_092.jpg,KT-6060
type5_093.jpg,BL-1126
type5_094.jpg,QC-1234
type5_095.jpg,QB-2823
type5_096.jpg,TN-1405
type5_098.jpg,KT-6119
type5_099.jpg,QM-1966
type5_100.jpg,QH-6537
type5_101.jpg,TH-7174
type5_102.jpg,BT-5510
type5_103.jpg,CD-1186
type5_104.jpg,KT-6219
type5_105.jpg,HC-3289
type5_106.jpg,TK-7945
type5_107.jpg,TH-8406
type5_108.jpg,TT-2078
type5_109.jpg,TK-8173
type5_110.jpg,TK-8173
type5_112.jpg,PA-1219
type5_113.jpg,PA-1204
type5_114.jpg,TC-6659
type5_115.jpg,TC-3429
type5_116.jpg,TC-5779
type5_117.jpg,TK-2891
type5_118.jpg,BH-5210
type5_119.jpg,PP-1034
type5_120.jpg,TC-3371
type5_121.jpg,KA-6688
type5_122.jpg,KA-6688
type5_123.jpg,QM-1086
type5_124.jpg,QC-1101
type5_125.jpg,TC-3999
type5_126.jpg,TC-3898
type5_128.jpg,TM-5002
type5_129.jpg,TC-3427
type5_130.jpg,TM-3997
type5_131.jpg,QB-2925
type5_132.jpg,BT-5338
type5_133.jpg,QB-2815
type5_134.jpg,TC-3501
type5_135.jpg,TN-1501
type5_136.jpg,TM-5698
type5_138.jpg,TC-3616
type5_139.jpg,CD-5588
type5_140.jpg,TM-2863
type5_141.jpg,KP-4770
type5_142.jpg,KP-3581
type5_143.jpg,KP-4614
type5_144.jpg,TT-1185
type5_145.jpg,QB-3718
type5_146.jpg,QH-6160
type5_147.jpg,KP-5153
type5_148.jpg,KP-5153
type5_149.jpg,TK-7584
type5_150.jpg,KP-5022
type5_151.jpg,KP-5120
type5_152.jpg,QA-7586
type5_153.jpg,KP-4152
type5_154.jpg,TM-3434
type5_155.jpg,KP-5239
type5_156.jpg,VT-3079
type5_157.jpg,QA-1508
type5_158.jpg,QB-3212
type5_159.jpg,TM-6569
type5_160.jpg,AT-1681
type5_161.jpg,QB-3998
type5_162.jpg,TK-8558
type5_163.jpg,KP-1160
type5_164.jpg,TC-3478
type5_165.jpg,TT-2468
type5_166.jpg,TC-3508
type5_167.jpg,TM-2775
type5_168.jpg,VT-2401
type5_169.jpg,VT-1273
type5_170.jpg,TM-2571
type5_171.jpg,HH-6164
type5_172.jpg,VT-1796
type5_173.jpg,TT-1185
type5_174.jpg,KD-8389
type5_175.jpg,TK-8279
type5_176.jpg,VT-3589
type5_177.jpg,KD-7739
type5_178.jpg,KD-7578
type5_179.jpg,TC-3038
type5_180.jpg,TM-2630
type5_181.jpg,QB-3541
type5_182.jpg,VT-2777
type5_183.jpg,KD-8266
type5_184.jpg,TC-3986
type5_185.jpg,KP-4937
type5_186.jpg,QA-7489
type5_187.jpg,TT-2314
type5_188.jpg,TT-1180
type5_189.jpg,KP-1879
type5_190.jpg,VT-1818
type5_191.jpg,BK-6341
type5_192.jpg,KT-6389
type5_193.jpg,TC-3458
type5_194.jpg,KP-5309
type5_195.jpg,TK-7523
type5_196.jpg,KP-4934
type5_197.jpg,KP-4140
type5_199.jpg,KP-3729
type5_200.jpg,AD-6062
type5_201.jpg,AD-5848
type5_202.jpg,TK-9680
type5_203.jpg,VT-2639
type5_204.jpg,QA-6203
type5_205.jpg,KP-4009
type5_206.jpg,KP-3857
type5_207.jpg,HD-4519
type5_208.jpg,HD-4519
type5_209.jpg,HQ-1056
type5_210.jpg,AD-5802
type5_211.jpg,KP-4644
type5_212.jpg,KP-4359
type5_213.jpg,QH-5828
type5_214.jpg,KP-4708
type5_215.jpg,KP-4939
type5_216.jpg,VT-2435
type5_217.jpg,KV-7992
type5_218.jpg,VT-1590
type5_219.jpg,TN-1561
type5_220.jpg,BT-5309
type5_221.jpg,KP-4595
type5_222.jpg,KP-5879
type5_223.jpg,KP-4499
type5_224.jpg,KP-5978
type5_225.jpg,KP-4008
type5_227.jpg,TC-3477
type5_228.jpg,TC-3477
type5_229.jpg,QH-6160
type5_230.jpg,TC-3417
type5_231.jpg,CT-1111
type5_232.jpg,AD-5761
type5_233.jpg,PA-1127
type5_234.jpg,PK-5238
type5_235.jpg,PK-5198
type5_236.jpg,KC-5635
type5_237.jpg,KP-8009
type5_238.jpg,KP-5281
type5_239.jpg,KP-7679
type5_240.jpg,KP-4090
type5_241.jpg,QM-5588
type5_242.jpg,KP-3892
type5_243.jpg,KP-5311
type5_244.jpg,KP-4787
type5_245.jpg,QA-6383
type5_246.jpg,QA-6383
type5_247.jpg,BH-5352
type5_248.jpg,KP-3864
type5_249.jpg,KP-3864
type5_250.jpg,KT-6027
type5_251.jpg,KT-5858
type5_252.jpg,QA-6217
type5_253.jpg,KP-3581
type5_254.jpg,KP-4770
type5_255.jpg,KP-4988
type5_257.jpg,BT-5581
type5_258.jpg,BT-5581
type5_259.jpg,KP-4655
type5_260.jpg,VT-2432
type5_261.jpg,KP-4175
type5_262.jpg,KP-4061
type5_263.jpg,KP-5313
type5_264.jpg,AD-5986
type5_265.jpg,QA-7358
type5_266.jpg,QA-7506
type5_267.jpg,TT-1468
type5_268.jpg,KP-1542
type5_269.jpg,AD-5497
type5_270.jpg,TT-1244
type5_271.jpg,QH-6381
type5_272.jpg,KT-5789
type5_273.jpg,KP-5022
type5_274.jpg,VT-1339
type5_275.jpg,VT-1795
type5_276.jpg,KP-4371
type5_277.jpg,TM-3138
type5_278.jpg,KT-6023
type5_279.jpg,TK-7573
type5_280.jpg,KP-4201
type5_281.jpg,KP-5607
type5_282.jpg,KP-5607
type5_283.jpg,KP-4372
type5_284.jpg,KP-4674
type5_285.jpg,TC-3625
type5_286.jpg,KP-4930
type5_287.jpg,HQ-1094
type5_288.jpg,HC-3159
type5_289.jpg,VT-2397
type5_290.jpg,KP-4463
type5_291.jpg,TH-6139
type5_292.jpg,KP-4776
type5_293.jpg,KP-1551
type5_294.jpg,QA-6937
type5_295.jpg,QA-6937
type5_296.jpg,VT-1175
type5_297.jpg,KP-4634
type5_298.jpg,KP-4633
type5_299.jpg,KP-4856
type5_300.jpg,VT-1284
type5_301.jpg,TT-5568
type5_302.jpg,BC-4668
type5_303.jpg,QC-1221
type5_304.jpg,BH-5388
type5_305.jpg,KP-5161
type5_306.jpg,AT-1638
type5_307.jpg,QC-1169
type5_308.jpg,KK-2449
type5_309.jpg,KP-4591
type5_310.jpg,KK-4746
type5_311.jpg,TK-7305
type5_312.jpg,FH-1468
type5_313.jpg,VT-2233
type5_314.jpg,KP-4626
type5_315.jpg,QH-6348
type5_316.jpg,QH-6348
type5_317.jpg,KP-4220
type5_318.jpg,TM-1769
type5_319.jpg,BK-6566
type5_320.jpg,KP-4675
type5_321.jpg,QK-2254
type5_322.jpg,KP-5157
type5_323.jpg,KB-6688
type5_324.jpg,KP-3955
type5_325.jpg,QB-3157
type5_326.jpg,AT-1579
type5_327.jpg,KP-4588
type5_328.jpg,KP-3974
type5_330.jpg,QC-1067
type5_331.jpg,KP-4298
type5_332.jpg,TH-8080
type5_333.jpg,KP-4988
type5_334.jpg,QA-6085
type5_335.jpg,AD-5841
type5_336.jpg,QH-5699
type5_337.jpg,KT-9003
type5_338.jpg,KT-6255
type5_339.jpg,KP-4771
type5_340.jpg,KP-5120
type5_341.jpg,KP-4714
type5_342.jpg,KP-4669
type5_343.jpg,KP-4359
type5_344.jpg,TC-3539
type5_345.jpg,QH-6253
type5_346.jpg,QB-2805
type5_347.jpg,QB-2805
type5_348.jpg,AD-5978
type5_349.jpg,KP-4294
type5_350.jpg,CD-1006
type5_351.jpg,KV-7808
type5_352.jpg,QH-5403
type5_353.jpg,BB-3898
type5_354.jpg,QA-4582
type5_355.jpg,QA-6388
type5_356.jpg,QB-2107
type5_357.jpg,KV-7809
type5_358.jpg,HQ-1098
type5_359.jpg,QH-5596
type5_360.jpg,QA-5901
type5_361.jpg,QA-5901
type5_362.jpg,HE-5204
type5_363.jpg,PC-3268
type5_364.jpg,KV-7896
type5_365.jpg,TK-9059
type5_366.jpg,TK-9059
type5_367.jpg,TH-6788
type5_368.jpg,KV-7669
type5_369.jpg,KV-7968
type5_370.jpg,KV-7669
type5_371.jpg,QH-5454
type5_372.jpg,KV-7730
type5_373.jpg,KV-7730
type5_374.jpg,QB-3336
type5_375.jpg,QB-3340
type5_377.jpg,CK-1009
type5_378.jpg,QB-3336
type5_379.jpg,KV-6847
type5_380.jpg,BT-5467
type5_381.jpg,KT-5719
type5_382.jpg,TC-2164
type5_383.jpg,BT-5431
type5_384.jpg,AD-5275
type5_385.jpg,QB-2007
type5_386.jpg,QH-5683
type5_387.jpg,BT-5135
type5_388.jpg,QH-5457
type5_389.jpg,AD-5731
type5_390.jpg,BT-5263
type5_391.jpg,KP-3914
type5_392.jpg,AD-5649
type5_393.jpg,QH-3299
type5_394.jpg,QH-3299
type5_395.jpg,KV-7253
type5_396.jpg,QA-6536
type5_397.jpg,TT-4116
type5_398.jpg,CB-1023
type5_399.jpg,QH-5631
type5_400.jpg,AN-1035
type5_401.jpg,AT-1301
type5_402.jpg,KP-1263
type5_403.jpg,QH-6103
type5_404.jpg,KV-8043
type5_405.jpg,KV-8043
type5_406.jpg,KD-7076
type5_407.jpg,QH-6034
type5_408.jpg,QH-5723
type5_409.jpg,KK-1835
type5_410.jpg,TK-7695
type5_411.jpg,KK-5087
type5_412.jpg,QA-6064
type5_413.jpg,QA-6064
type5_414.jpg,QH-5494
type5_415.jpg,QB-2724
type5_416.jpg,TK-7485
type5_417.jpg,QH-5931
type5_418.jpg,QH-5931
type5_419.jpg,QH-5769
type5_420.jpg,QH-6318
type5_421.jpg,QH-5901
type5_422.jpg,KP-4647
type5_423.jpg,KP-4634
type5_424.jpg,QB-2838
type5_425.jpg,QB-2911
type5_426.jpg,QH-5521
type5_427.jpg,KK-4917
type5_428.jpg,KK-4904
type5_429.jpg,QA-4129
type5_430.jpg,HB-2006
type5_431.jpg,CD-1022
type5_432.jpg,KV-7801
type5_433.jpg,KV-7801
type5_434.jpg,QA-5999
type5_435.jpg,QH-5495
type5_436.jpg,QK-4861
type5_437.jpg,QA-5149
type5_438.jpg,QH-5921
type5_439.jpg,QH-4883
type5_440.jpg,BS-1078
type5_441.jpg,QA-5059
type5_442.jpg,QA-6949
type5_443.jpg,QH-5987
type5_444.jpg,QH-5987
type5_445.jpg,VT-2427
type5_446.jpg,VT-2095
type5_447.jpg,HB-2285
type5_448.jpg,BT-5446
type5_449.jpg,BT-5428
type5_450.jpg,QH-5428
type5_451.jpg,QA-6580
type5_452.jpg,AV-1191
type5_453.jpg,AT-1181
type5_454.jpg,HC-3249
type5_455.jpg,KB-3746
type5_456.jpg,KV-7939
type5_457.jpg,VT-1086
type5_458.jpg,KV-8026
type5_459.jpg,KV-6920
type5_460.jpg,QH-5144
type5_461.jpg,KV-7189
type5_462.jpg,KV-6859
type5_463.jpg,CB-1023
type5_464.jpg,TM-3288
type5_465.jpg,TM-3288
type5_466.jpg,AD-5582
type5_467.jpg,TN-1519
type5_468.jpg,QA-4581
type5_469.jpg,HE-5192
type5_470.jpg,QB-1908
type5_471.jpg,TH-8119
type5_472.jpg,AV-1312
type5_473.jpg,KK-5041
type5_474.jpg,TH-7971
type5_475.jpg,DB-1889
type5_476.jpg,TM-3339
type5_477.jpg,QB-2958
type5_478.jpg,AT-1312
type5_479.jpg,HB-2050
type5_480.jpg,KP-1852
type5_481.jpg,CH-5932
type5_482.jpg,TT-7128
type5_483.jpg,BT-5263
type5_484.jpg,TK-7373
type5_485.jpg,KK-1406
type5_486.jpg,QA-1504
type6_000.jpg,29A1-00274
type6_001.jpg,59A1-00453
type6_002.jpg,59A1-01275
type6_004.jpg,59A1-01297
type6_005.jpg,59A1-00146
type6_006.jpg,59A1-00229
type6_007.jpg,59A1-00252
type6_008.jpg,59A1-00235
type6_009.jpg,59A1-00128
type6_010.jpg,59A1-00132
type6_011.jpg,59A1-00494
type6_012.jpg,59A1-00433
type6_013.jpg,59A1-00171
type6_014.jpg,59A1-00590
type6_015.jpg,43B1-01140
type6_016.jpg,60A1-0168
type6_018.jpg,60B1-00200
type6_019.jpg,29B1-00770
type6_020.jpg,41B1-40006
type6_022.jpg,60B1-07038
type6_023.jpg,14F6-00019
type6_024.jpg,41B1-00770
type6_025.jpg,60B1-00196
type6_026.jpg,80A1-00577
type6_027.jpg,80B1-01280
type6_028.jpg,38A1-00046
type6_029.jpg,72A1-0154
type6_030.jpg,72A1-0102
type6_031.jpg,36B1-0750
type6_032.jpg,29A1-0062
type6_033.jpg,59A1-00214
type6_034.jpg,29B1-00805
type6_035.jpg,15B1-00528
type6_036.jpg,29A1-10015
type6_037.jpg,60B1-00282
type6_038.jpg,29A1-10059
type6_039.jpg,60A1-0170
type6_040.jpg,29B1-00629
type6_041.jpg,60A1-00092
type6_042.jpg,29B1-01151
type6_043.jpg,60B8-00072
type6_044.jpg,80B2-0895
type6_045.jpg,59A1-00581
type6_046.jpg,60B1-00086
type6_047.jpg,33B1-0536
type6_048.jpg,80B1-01347
type6_049.jpg,29B1-00571
type6_050.jpg,81B1-0769
type6_051.jpg,23B1-0695
type6_052.jpg,60A1-0097
type6_053.jpg,60B1-00266
type6_055.jpg,59A1-00575
type6_056.jpg,59A1-00494
type6_057.jpg,59A1-00052
type6_058.jpg,68F2-00046
type6_059.jpg,68F2-00045
type6_060.jpg,68F2-00022
type6_061.jpg,68B1-02113
type6_062.jpg,41A1-00028
type6_063.jpg,68T2-00029
type6_064.jpg,79B1-0354
type6_065.jpg,79B1-0742
type6_066.jpg,79A1-00032
type6_068.jpg,79A1-00098
type6_069.jpg,79A1-00084
type6_070.jpg,51B1-0591
type6_071.jpg,62B1-0179
type6_072.jpg,29A1-0175
type6_073.jpg,86A1-0060
type6_074.jpg,49B1-0490
type6_075.jpg,79B1-0412
type6_076.jpg,79A1-00025
type6_077.jpg,79A1-00021
type6_078.jpg,79A1-00090
type6_079.jpg,79A1-00081
type6_080.jpg,79A1-00076
type6_081.jpg,51A1-0528
type6_082.jpg,51A1-0752
type6_083.jpg,59A1-00630
type6_084.jpg,68B1-2566
type7_000.jpg,60H-17740
type7_001.jpg,60L-4535
type7_002.jpg,50F-04516
type7_003.jpg,78E-00067
type7_004.jpg,50H-28499
type7_005.jpg,60F-00109
type7_006.jpg,29F-01218
type7_007.jpg,30H-82466
type7_008.jpg,30F-51472
type7_009.jpg,17H-02926
type7_010.jpg,18G-00182
type7_011.jpg,29H-94606
type7_012.jpg,29H-84920
type7_013.jpg,60E-00231
type7_014.jpg,60F-00946
type7_015.jpg,50H-06281
type7_016.jpg,63C-13216
type7_017.jpg,50H-40377
type7_018.jpg,51B-21128
type7_019.jpg,60H-19808
type7_020.jpg,60H-19808
type7_021.jpg,60B-00132
type7_022.jpg,35B-00748
type7_023.jpg,90H-02888
type7_024.jpg,29H-75367
type7_025.jpg,29B-20354
type7_026.jpg,29F-02763
type7_027.jpg,35H-00913
type7_029.jpg,29B-40064
type7_030.jpg,29K-09583
type7_031.jpg,34B-02020
type7_032.jpg,14G-00678
type7_033.jpg,34B-02933
type7_034.jpg,99E-01017
type7_035.jpg,36A-15776
type7_036.jpg,36H-07638
type7_037.jpg,36E-00140
type7_038.jpg,36B-02612
type7_039.jpg,36G-00102
type7_040.jpg,50E-10238
type7_041.jpg,60H-19946
type7_042.jpg,60E-02093
type7_043.jpg,36F-00289
type7_044.jpg,36B-03205
type7_045.jpg,29F-01030
type7_046.jpg,29G-01659
type7_047.jpg,29B-50787
type7_048.jpg,29B-17037
type7_049.jpg,89B-01312
type7_050.jpg,97F-00043
type7_051.jpg,29H-89364
type7_052.jpg,29B-14184
type7_053.jpg,29F-03237
type7_054.jpg,20G-00493
type7_055.jpg,29B-41736
type7_056.jpg,29B-50642
type7_057.jpg,34F-00288
type7_058.jpg,29E-05437
type7_059.jpg,29K-02168
type7_060.jpg,29F-03241
type7_061.jpg,29B-18025
type7_062.jpg,29F-03049
type7_063.jpg,29B-06457
type7_064.jpg,29B-30977
type7_065.jpg,29F-05760
type7_066.jpg,29B-01947
type7_067.jpg,29F-03213
type7_068.jpg,50H-55875
type7_069.jpg,60C-56481
type7_070.jpg,29K-03291
type7_071.jpg,29K-03291
type7_072.jpg,60B-03311
type7_073.jpg,60H-19565
type7_074.jpg,60E-01914
type7_075.jpg,61B-03211
type7_076.jpg,26F-00101
type7_077.jpg,70C-06705
type7_078.jpg,50H-32182
type7_079.jpg,50H-31901
type7_080.jpg,47E-00785
type7_081.jpg,62H-00447
type7_083.jpg,57L-4992
type7_084.jpg,50H-34940
type7_085.jpg,60F-00320
type7_086.jpg,50F-03691
type7_087.jpg,60H-19817
type7_088.jpg,50H-16536
type7_089.jpg,60H-12757
type7_090.jpg,61A-40966
type7_091.jpg,60C-41549
type7_092.jpg,60H-19241
type7_093.jpg,60H-01188
type7_094.jpg,29K-01215
type7_095.jpg,30K-11871
type7_096.jpg,29H-73087
type7_097.jpg,29H-88622
type7_098.jpg,29K-10634
type7_099.jpg,30A-61636
type7_100.jpg,30F-09503
type7_101.jpg,29C-57977
type7_102.jpg,30H-98754
type7_103.jpg,51D-66540
type7_104.jpg,51D-00299
type7_105.jpg,50H-00798
type7_106.jpg,61F-00743
type7_107.jpg,50H-11306
type7_108.jpg,60C-51833
type7_109.jpg,60H-03672
type7_110.jpg,61H-12482
type7_111.jpg,60B-05651
type7_112.jpg,60C-53761
type7_113.jpg,15E-01344
type7_114.jpg,30G-25110
type7_115.jpg,29H-88350
type7_116.jpg,29H-91804
type7_117.jpg,29K-01635
type7_118.jpg,29B-40250
type7_119.jpg,30E-83032
type7_120.jpg,36H-06511
type7_121.jpg,50H-04224
type7_122.jpg,61H-12036
type7_123.jpg,72F-00074
type7_124.jpg,60E-01991
type7_125.jpg,60C-47077
type7_126.jpg,60E-00307
type7_127.jpg,60F-00754
type7_128.jpg,60E-02105
type7_129.jpg,50H-25593
type7_131.jpg,51G-60426
type7_132.jpg,50H-37542
type7_133.jpg,30E-92572
type7_134.jpg,29H-94895
type7_135.jpg,29H-90580
type7_136.jpg,29K-00384
type7_137.jpg,30E-67956
type7_138.jpg,29E-00230
type7_139.jpg,29F-05582
type7_140.jpg,29B-19723
type7_141.jpg,30E-64292
type7_142.jpg,29B-61511
type7_143.jpg,15B-04301
type7_144.jpg,30E-74558
type7_145.jpg,30G-34520
type7_146.jpg,22A-13248
type7_147.jpg,29H-91112
type7_148.jpg,29K-00959
type7_149.jpg,43B-04169
type7_150.jpg,43A-28930
type7_151.jpg,60C-50605
type7_152.jpg,60H-14666
type7_153.jpg,60A-32066
type7_154.jpg,60B-05723
type7_155.jpg,60F-00981
type7_156.jpg,60B-04519
type7_157.jpg,60B-05847
type7_158.jpg,50G-00035
type7_159.jpg,60B-04490
type7_160.jpg,60B-05651
type7_162.jpg,50H-05493
type7_163.jpg,61F-00743
type7_165.jpg,29H-94194
type7_166.jpg,19A-35711
type7_167.jpg,50F-02398
type7_168.jpg,50E-13378
type7_169.jpg,54U-3938
type7_170.jpg,26F-00126
type7_171.jpg,26F-00223
type7_172.jpg,29F-00321
type7_173.jpg,29F-00498
type7_174.jpg,38A-47964
type7_175.jpg,26H-00872
type7_176.jpg,89H-03472
type7_177.jpg,30F-77722
type7_178.jpg,53N-4071
type7_179.jpg,26B-00487
type7_180.jpg,26F-00115
type7_181.jpg,26F-00784
type7_182.jpg,61E-00802
type7_183.jpg,50E-06987
type7_184.jpg,51F-79262
type7_186.jpg,50E-11211
type7_187.jpg,60H-15094
type7_188.jpg,51H-54956
type7_189.jpg,51H-54956
type7_190.jpg,51G-65400
type7_191.jpg,50E-05437
type7_192.jpg,50E-02191
type7_193.jpg,51G-63884
type7_194.jpg,50H-50046
type7_195.jpg,51F-96080
type7_196.jpg,50H-44655
type7_197.jpg,50H-30000
type7_198.jpg,51F-72001
type7_199.jpg,50F-04229
type7_200.jpg,50H-36859
type7_201.jpg,50H-47078
type7_202.jpg,50E-11208
type7_203.jpg,50E-05849
type7_204.jpg,30G-06962
type7_205.jpg,50H-48620
type7_206.jpg,51G-70213
type7_207.jpg,50H-10698
type7_208.jpg,51H-79261
type7_209.jpg,50H-30798
type7_210.jpg,30E-99077
type7_211.jpg,51G-30713
type7_212.jpg,51F-94844
type7_213.jpg,50H-28342
type7_214.jpg,50H-31108
type7_215.jpg,50H-36199
type7_216.jpg,50E-02520
type7_217.jpg,29E-00124
type7_218.jpg,51G-87134
type7_219.jpg,50H-40188
type7_220.jpg,51K-35972
type7_221.jpg,51G-93773
type7_222.jpg,86E-00075
type7_223.jpg,50E-05077
type7_224.jpg,51G-58548
type7_225.jpg,50E-00201
type7_226.jpg,51G-89255
type7_227.jpg,50H-31749
type7_228.jpg,51G-70050
type7_229.jpg,51G-72098
type7_230.jpg,50E-12171
type7_231.jpg,50H-30235
type7_232.jpg,61B-01317
type7_233.jpg,50H-32837
type7_234.jpg,51B-15758
type7_235.jpg,50H-37194
type7_236.jpg,50H-42940
type7_237.jpg,50F-04079
type7_238.jpg,50H-37866
type7_239.jpg,50E-02682
type7_240.jpg,51B-30555
type7_241.jpg,51B-30372
type7_242.jpg,60G-00099
type7_243.jpg,60H-15150
type7_244.jpg,51B-27017
type7_245.jpg,51G-01159
type7_246.jpg,60F-00680
type7_247.jpg,60B-05444
type7_248.jpg,60B-01373
type7_249.jpg,51B-20186
type7_250.jpg,60B-02438
type7_251.jpg,60B-04622
type7_252.jpg,60H-12574
type7_253.jpg,60B-05364
type7_254.jpg,60B-05530
type7_255.jpg,50E-05294
type7_256.jpg,60H-12299
type7_257.jpg,50H-35801
type7_258.jpg,60B-02056
type7_259.jpg,60B-05328
type7_260.jpg,49B-01335
type7_261.jpg,60E-01842
type7_262.jpg,60E-01842
type7_263.jpg,60C-59057
type7_264.jpg,60H-05482
type7_265.jpg,54X-1845
type7_266.jpg,60C-21166
type7_267.jpg,51C-62306
type7_268.jpg,50E-09260
type7_269.jpg,60V-1273
type7_270.jpg,50F-03869
type7_271.jpg,60B-05566
type7_272.jpg,60H-03277
type7_273.jpg,60B-01574
type7_274.jpg,29B-60328
type7_275.jpg,50H-19110
type7_276.jpg,75H-02077
type7_277.jpg,29B-12448
type7_278.jpg,29B-19763
type7_279.jpg,29B-15218
type7_280.jpg,11F-00028
type7_281.jpg,21B-00683
type7_282.jpg,11F-00078
type7_283.jpg,29B-60155
type7_284.jpg,60C-37389
type7_285.jpg,30E-69124
type7_286.jpg,30A-98786
type7_287.jpg,29E-07302
type7_288.jpg,29K-00206
type7_289.jpg,30F-20353
type7_290.jpg,29G-00163
type7_291.jpg,61C-43986
type7_292.jpg,60E-01217
type7_293.jpg,60H-18903
type7_294.jpg,50H-38139
type7_295.jpg,50H-31638
type7_296.jpg,62A-12809
type7_297.jpg,50H-41784
type7_298.jpg,29K-04985
type7_299.jpg,50H-38432
type7_300.jpg,30F-58294
type7_301.jpg,99E-00496
type7_302.jpg,89F-00179
type7_303.jpg,89F-00179
type7_304.jpg,47B-01565
type7_305.jpg,29B-31516
type7_306.jpg,29B-03062
type7_307.jpg,29B-61945
type7_308.jpg,29F-01217
type7_309.jpg,29B-62426
type7_310.jpg,29H-96806
type7_311.jpg,29B-19526
type7_312.jpg,29K-04810
type7_313.jpg,29B-12545
type7_314.jpg,29B-16940
type7_315.jpg,29B-09336
type7_316.jpg,86B-01315
type7_317.jpg,29B-20275
type7_318.jpg,60B-06140
type7_319.jpg,29B-20254
type7_320.jpg,29B-19710
type7_321.jpg,29H-93755
type7_322.jpg,29H-93863
type7_323.jpg,29F-02813
type7_324.jpg,29H-96517
type7_325.jpg,29B-31082
type7_326.jpg,29H-92743
type7_327.jpg,29B-50114
type7_328.jpg,29B-11861
type7_329.jpg,62G-00266
type7_330.jpg,60P-0264
type7_331.jpg,60B-01346
type7_332.jpg,60H-11962
type7_333.jpg,50F-00186
type7_334.jpg,50F-00182
type7_335.jpg,50F-00181
type7_336.jpg,50F-00174
type7_337.jpg,50F-00156
type7_338.jpg,50F-00140
type7_339.jpg,60H-19691
type7_340.jpg,60C-49016
type7_341.jpg,61C-10350
type7_342.jpg,60F-00894
type7_343.jpg,93E-00010
type7_344.jpg,60H-12759
type7_345.jpg,60B-04655
type7_346.jpg,60C-24240
type7_347.jpg,50E-01517
type7_348.jpg,50H-43960
type7_349.jpg,50F-01006
type7_350.jpg,50F-01009
type7_351.jpg,50F-01175
type7_352.jpg,50F-01016
type7_353.jpg,50F-01012
type7_354.jpg,50F-01688
type7_355.jpg,50F-01030
type7_356.jpg,50F-01093
type7_357.jpg,50F-01058
type7_358.jpg,50F-01573
type7_359.jpg,50F-01020
type7_360.jpg,50F-01062
type7_361.jpg,51B-32862
type7_362.jpg,60C-44325
type7_363.jpg,72F-00092
type7_364.jpg,60B-03711
type7_365.jpg,51D-72941
type7_366.jpg,51G-79760
type7_367.jpg,51B-21054
type7_368.jpg,15C-06795
type7_369.jpg,29H-34915
type7_370.jpg,29H-99370
type7_371.jpg,29C-32537
type7_372.jpg,29H-78122
type7_373.jpg,50E-08136
type7_374.jpg,72E-00523
type7_375.jpg,51H-24117
type7_376.jpg,50E-05234
type7_377.jpg,50H-30471
type7_378.jpg,50H-30662
type7_379.jpg,66E-00824
type7_380.jpg,50E-12053
type7_381.jpg,50E-06803
type7_382.jpg,50H-30618
type7_383.jpg,30G-06998
type7_384.jpg,51F-64398
type7_385.jpg,50E-06949
type7_386.jpg,51H-23571
type7_387.jpg,63A-09797
type7_388.jpg,51G-67193
type7_389.jpg,70G-00429
type7_390.jpg,51C-37517
type7_391.jpg,60B-05512
type7_392.jpg,29E-05317
type7_393.jpg,30E-62406
type7_394.jpg,29F-01637
type7_395.jpg,18E-00110
type7_396.jpg,17H-01836
type7_397.jpg,29E-02453
type7_398.jpg,29H-91431
type7_399.jpg,30E-11574
type7_400.jpg,29H-96836
type7_401.jpg,29K-00777
type7_402.jpg,29K-04813
type7_403.jpg,18H-02400
type7_404.jpg,30G-04919
type7_405.jpg,29H-97683
type7_406.jpg,60C-08085
type7_407.jpg,50H-05297
type7_408.jpg,60C-54645
type7_409.jpg,51D-33782
type7_410.jpg,51C-62741
type7_411.jpg,77H-03438
type7_412.jpg,60C-24409
type7_413.jpg,50H-24320
type7_414.jpg,60C-22037
type7_415.jpg,61C-37783
type7_416.jpg,38C-05750
type7_417.jpg,60C-46593
type7_418.jpg,60H-01000
type7_419.jpg,60C-48268
type7_420.jpg,60H-10031
type7_421.jpg,30A-60152
type7_422.jpg,30E-19035
type7_423.jpg,30F-11444
type7_424.jpg,30A-05325
type7_425.jpg,29H-93881
type7_426.jpg,29E-00118
type7_427.jpg,60B-04442
type7_428.jpg,29H-35620
type7_429.jpg,30E-66920
type7_430.jpg,29F-02081
type7_431.jpg,29H-90215
type7_432.jpg,30G-10785
type7_433.jpg,29B-16125
type7_434.jpg,30F-22220
type7_435.jpg,29E-03842
type7_436.jpg,30F-49839
type7_437.jpg,29H-96845
type7_438.jpg,72H-03032
type7_439.jpg,51D-11525
type7_440.jpg,60C-56793
type7_441.jpg,60C-56793
type7_442.jpg,50H-29721
type7_443.jpg,61C-30003
type7_444.jpg,61C-38043
type7_445.jpg,60C-33191
type7_446.jpg,61C-30380
type7_447.jpg,60C-33092
type7_448.jpg,60F-00458
type7_449.jpg,88H-02041
type7_450.jpg,29C-76280
type7_451.jpg,29H-77188
type7_452.jpg,30S-6139
type7_453.jpg,29H-78576
type7_454.jpg,29C-56468
type7_455.jpg,29H-00994
type7_456.jpg,29H-24722
type7_457.jpg,29H-02360
type7_458.jpg,29B-06298
type7_459.jpg,29E-04443
type7_460.jpg,29E-02444
type7_461.jpg,30A-23932
type7_462.jpg,29B-51576
type7_463.jpg,29B-60528
type7_464.jpg,29K-01085
type7_465.jpg,30A-29824
type7_466.jpg,29K-00523
type7_467.jpg,30E-64164
type7_468.jpg,29E-02977
type7_469.jpg,50H-38006
type7_470.jpg,61E-01198
type7_471.jpg,51B-21890
type7_472.jpg,51G-56221
type7_473.jpg,51H-82967
type7_474.jpg,50E-11640
type7_475.jpg,51B-51462
type7_476.jpg,51B-50485
type7_477.jpg,43H-04208
type7_478.jpg,43H-04464
type7_479.jpg,43E-02040
type7_480.jpg,43E-02182
type7_481.jpg,63B-01345
type7_482.jpg,50H-31941
type7_483.jpg,50F-01545
type7_484.jpg,51B-10957
type7_485.jpg,50E-12077
type7_486.jpg,50H-32170
type7_487.jpg,51H-91958
type7_488.jpg,50H-41741
type7_489.jpg,70A-17540
type7_490.jpg,51G-65224
type7_491.jpg,50E-13258
type7_492.jpg,50E-10086
type7_493.jpg,84A-01908
type7_494.jpg,51H-12996
type7_495.jpg,51B-07128
type7_496.jpg,50H-38675
type7_497.jpg,50H-39499
type7_498.jpg,69A-04386
type7_499.jpg,51F-67145
type7_500.jpg,50H-37304
type7_501.jpg,51B-22529
type7_502.jpg,50H-41625
type7_503.jpg,50E-06715
type7_504.jpg,51G-71404
type7_505.jpg,51G-58395
type7_506.jpg,50E-05088
type7_507.jpg,50E-11173
type7_508.jpg,50E-06847
type7_509.jpg,51G-71297
type7_510.jpg,29E-00161
type7_511.jpg,68A-15634
type7_512.jpg,53N-6694
type7_513.jpg,53N-3424
type7_514.jpg,53N-4550
type7_515.jpg,53N-5003
type7_516.jpg,53N-7371
type7_517.jpg,29F-02437
type7_518.jpg,43A-21031
type7_519.jpg,51B-24810
type7_520.jpg,51B-10974
type7_521.jpg,51B-22583
type7_522.jpg,50H-37280
type7_523.jpg,51G-18262
type7_524.jpg,50H-26533
type7_525.jpg,70H-04586
type7_526.jpg,50E-01850
type7_527.jpg,51G-46455
type7_528.jpg,51G-49970
type7_529.jpg,50H-42635
type7_530.jpg,51G-56146
type7_531.jpg,50H-43913
type7_532.jpg,50H-29320
type7_533.jpg,50H-31810
type7_534.jpg,51B-19954
type7_535.jpg,50H-41830
type7_536.jpg,60E-00586
type7_537.jpg,50E-13169
type7_538.jpg,72E-00831
type7_539.jpg,60H-15215
type7_540.jpg,60B-02465
type7_541.jpg,50F-00205
type7_542.jpg,60B-00592
type7_543.jpg,30G-30098
type7_544.jpg,29F-02007
type7_545.jpg,29C-61163
type7_546.jpg,29G-00440
type7_547.jpg,30F-52642
type7_548.jpg,99A-10515
type7_549.jpg,29H-99914
type7_550.jpg,29A-95597
type7_551.jpg,29H-93528
type7_552.jpg,17F-00530
type7_553.jpg,60B-03692
type7_554.jpg,36F-00635
type7_555.jpg,60F-00343
type7_556.jpg,51B-15965
type7_557.jpg,51B-19012
type7_558.jpg,51G-79724
type7_559.jpg,50F-03428
type7_560.jpg,51B-17734
type7_561.jpg,50H-21541
type7_562.jpg,73H-01278
type7_563.jpg,61A-58661
type7_564.jpg,50H-27891
type7_565.jpg,60B-03637
type7_566.jpg,60B-00608
type7_567.jpg,50F-01857
type7_568.jpg,51B-13585
type7_569.jpg,51B-08085
type7_570.jpg,50F-00273
type7_572.jpg,60B-04310
type7_573.jpg,60F-00292
type7_574.jpg,60B-00962
type7_575.jpg,60H-19748
type7_576.jpg,53N-7169
type7_577.jpg,53N-3792
type7_578.jpg,53N-9151
type7_579.jpg,53N-9691
type7_580.jpg,53N-9697
type7_581.jpg,53N-4339
type7_582.jpg,53N-6703
type7_584.jpg,53N-6179
type7_585.jpg,53N-4314
type7_586.jpg,30F-46735
type7_587.jpg,30F-42673
type7_588.jpg,29F-02060
type7_589.jpg,29B-21223
type7_590.jpg,29B-21270
type7_591.jpg,29B-18781
type7_592.jpg,51F-15559
type7_593.jpg,29B-19552
type7_594.jpg,29B-18766
type7_595.jpg,29F-00217
type7_596.jpg,29H-93555
type7_597.jpg,29B-20545
type7_598.jpg,29F-02052
type7_599.jpg,30E-98123
type7_600.jpg,29H-90175
type7_601.jpg,29E-03772
type7_602.jpg,99A-19028
type7_603.jpg,72B-02225
type7_604.jpg,72G-00479
type7_605.jpg,51B-12639
type7_606.jpg,60F-00441
type7_607.jpg,72F-00940
type7_608.jpg,72B-02534
type7_609.jpg,72B-02580
type7_610.jpg,72F-00056
type7_611.jpg,50F-02471
type7_612.jpg,50F-01096
type7_613.jpg,50F-02035
type7_614.jpg,51B-40852
type7_615.jpg,72B-02024
type7_616.jpg,50F-01044
type7_617.jpg,72B-01560
type7_618.jpg,51B-28111
type7_619.jpg,72H-02714
type7_620.jpg,60F-00314
type7_621.jpg,72B-00931
type7_622.jpg,60F-00285
type7_623.jpg,60H-19735
type7_624.jpg,29E-00561
type7_625.jpg,72G-00593
type7_626.jpg,72N-9238
type7_627.jpg,30F-32408
type7_628.jpg,51C-91664
type7_629.jpg,72H-02128
type7_630.jpg,50H-21117
type7_631.jpg,60G-00135
type7_632.jpg,51D-29763
type7_633.jpg,51D-24669
type7_634.jpg,76A-11749
type7_635.jpg,51D-30192
type7_636.jpg,50G-00529
type7_637.jpg,50H-50021
type7_638.jpg,51F-18535
type7_639.jpg,67E-00538
type7_640.jpg,51G-78449
type7_641.jpg,50E-12390
type7_642.jpg,50E-06779
type7_643.jpg,51C-27348
type7_644.jpg,50H-42033
type7_645.jpg,51H-61987
type7_646.jpg,51H-58914
type7_647.jpg,50H-42459
type7_648.jpg,50H-32589
type7_649.jpg,70F-00261
type7_650.jpg,51B-27336
type7_651.jpg,51B-27336
type7_652.jpg,62A-16057
type7_653.jpg,50H-36619
type7_654.jpg,50H-30937
type7_655.jpg,50H-32893
type7_656.jpg,50H-23334
type7_657.jpg,51F-65469
type7_658.jpg,50H-50707
type7_659.jpg,50H-50403
type7_660.jpg,51F-99729
type7_661.jpg,50E-05055
type7_662.jpg,51G-57218
type7_663.jpg,38E-00390
type7_664.jpg,50E-06347
type7_665.jpg,50H-29450
type7_666.jpg,61H-12282
type7_667.jpg,62H-04825
type7_668.jpg,51F-27452
type7_669.jpg,50H-37885
type7_670.jpg,51H-61910
type7_671.jpg,50G-02376
type7_672.jpg,72C-11900
type7_673.jpg,72A-32620
type7_674.jpg,78B-00926
type7_675.jpg,72H-01945
type7_676.jpg,72G-00313
type7_678.jpg,72C-05520
type7_679.jpg,50F-01043
type7_680.jpg,60H-12663
type7_681.jpg,72B-02114
type7_682.jpg,50H-22454
type7_683.jpg,61F-00807
type7_684.jpg,72B-03232
type7_685.jpg,72F-00126
type7_686.jpg,60B-05683
type7_687.jpg,61B-01543
type7_688.jpg,50E-01099
type7_689.jpg,50E-06824
type7_690.jpg,50E-06788
type7_691.jpg,50E-02224
type7_692.jpg,51F-64182
type7_693.jpg,50E-11186
type7_694.jpg,51F-68160
type7_695.jpg,50H-49563
type7_696.jpg,50E-06528
type7_697.jpg,51G-59556
type7_698.jpg,50H-38634
type7_699.jpg,50H-47136
type7_700.jpg,50E-06763
type7_701.jpg,70E-00198
type7_702.jpg,86F-00088
type7_703.jpg,99B-01580
type7_704.jpg,51B-32834
type7_705.jpg,51B-57382
type7_706.jpg,51B-11679
type7_707.jpg,50F-02925
type7_708.jpg,50F-03061
type7_709.jpg,50H-39784
type7_710.jpg,50H-36266
type7_711.jpg,51H-11099
type7_712.jpg,51H-15824
type7_713.jpg,50E-07270
type7_714.jpg,66A-12367
type7_715.jpg,50E-05491
type7_716.jpg,50H-40950
type7_717.jpg,51G-71368
type7_718.jpg,50E-11013
type7_719.jpg,50H-30847
type7_720.jpg,50H-30685
type7_721.jpg,51F-75153
type7_722.jpg,51G-71396
type7_723.jpg,50E-06875
type7_724.jpg,50E-06871
type7_725.jpg,51G-61341
type7_726.jpg,51H-57785
type7_727.jpg,50H-24969
type7_728.jpg,50H-28449
type7_729.jpg,50E-04709
type7_730.jpg,50H-32298
type7_731.jpg,50H-38316
type7_732.jpg,50E-01173
type7_733.jpg,50H-31106
type7_734.jpg,50E-06913
type7_735.jpg,50E-06584
type7_736.jpg,51H-12596
type7_737.jpg,50H-41737
type7_738.jpg,62G-00069
type7_739.jpg,50E-02495
type7_740.jpg,50E-06273
type7_741.jpg,63F-00986
type7_742.jpg,50E-10824
type7_743.jpg,51G-24631
type7_744.jpg,50E-06832
type7_745.jpg,30G-06980
type7_746.jpg,50E-06550
type7_747.jpg,50H-21726
type7_748.jpg,36A-48814
type7_749.jpg,50E-07319
type7_750.jpg,50E-06269
type7_751.jpg,50E-06032
type7_752.jpg,50E-05222
type7_753.jpg,50H-27941
type7_754.jpg,60G-00051
type7_755.jpg,50E-12008
type7_756.jpg,60F-00967
type7_757.jpg,50E-04897
type7_758.jpg,50H-26593
type7_759.jpg,61E-02571
type7_760.jpg,60F-00444
type7_761.jpg,50F-03814
type7_762.jpg,61B-03211
type7_763.jpg,60H-12094
type7_764.jpg,51D-47404
type7_765.jpg,60H-07900
type7_766.jpg,66F-00675
type7_767.jpg,67E-00023
type7_768.jpg,60E-02290
type7_769.jpg,43E-01237
type7_770.jpg,43E-00350
type7_771.jpg,43A-49515
type7_772.jpg,43A-49515
type7_773.jpg,43H-00565
type7_774.jpg,43C-02847
type7_775.jpg,43C-08821
type7_776.jpg,50G-01776
type7_777.jpg,50E-09657
type7_778.jpg,50G-01108
type7_779.jpg,51H-05333
type7_780.jpg,50E-05240
type7_781.jpg,50H-31999
type7_782.jpg,51G-74620
type7_783.jpg,50F-05119
type7_784.jpg,83G-00144
type7_785.jpg,60E-00048
type7_786.jpg,60A-22240
type7_787.jpg,60B-03980
type7_788.jpg,71B-00979
type7_789.jpg,68E-00368
type7_790.jpg,60B-05386
type7_791.jpg,60B-05531
type7_792.jpg,83B-00459
type7_793.jpg,50H-50648
type7_794.jpg,51B-00246
type7_795.jpg,62H-04214
type7_796.jpg,29G-00023
type7_797.jpg,83E-00322
type7_798.jpg,71A-06860
type7_799.jpg,50H-26421
type7_800.jpg,51H-66802
type7_801.jpg,51B-32323
type7_802.jpg,50E-12474
type7_803.jpg,50E-06592
type7_804.jpg,60K-28686
type7_805.jpg,75A-16588
type7_806.jpg,60B-05619
type7_807.jpg,60H-19907
type7_808.jpg,60H-12297
type7_809.jpg,30G-06633
type7_810.jpg,60A-71980
type7_811.jpg,60A-50412
type7_812.jpg,60E-00997
type7_813.jpg,60F-01677
type7_814.jpg,51B-30663
type7_815.jpg,50E-06940
type7_816.jpg,50E-09045
type7_817.jpg,50H-41073
type7_818.jpg,51G-64148
type7_819.jpg,51H-33987
type7_820.jpg,71E-00355
type7_821.jpg,50E-06250
type7_822.jpg,50H-33442
type7_823.jpg,51B-30722
type7_824.jpg,50H-27725
type7_825.jpg,50G-02539
type7_826.jpg,51B-21811
type7_827.jpg,72A-40690
type7_828.jpg,51H-12710
type7_829.jpg,50E-11971
type7_830.jpg,51F-05874
type7_831.jpg,50H-37200
type7_832.jpg,50F-00241
type7_833.jpg,51B-05675
type7_834.jpg,50H-27512
type7_835.jpg,50E-00258
type7_836.jpg,51B-22043
type7_837.jpg,51B-30748
type7_838.jpg,51B-05690
type7_839.jpg,51B-26967
type7_840.jpg,69E-00250
type7_841.jpg,50H-38487
type7_842.jpg,53S-3633
type7_843.jpg,50H-39668
type7_844.jpg,51B-21104
type7_845.jpg,50H-34549
type7_846.jpg,50H-34224
type7_847.jpg,50E-05740
type7_848.jpg,60F-00489
type7_849.jpg,51B-05687
type7_850.jpg,50E-12063
type7_851.jpg,51B-32949
type7_852.jpg,50H-38215
type7_853.jpg,50H-46924
type7_854.jpg,50H-37189
type7_855.jpg,50H-40978
type7_856.jpg,50H-48197
type7_857.jpg,69H-02034
type7_858.jpg,50E-11860
type7_859.jpg,50E-11440
type7_860.jpg,50H-51700
type7_861.jpg,50H-48596
type7_862.jpg,50H-50792
type7_863.jpg,50H-49001
type7_864.jpg,50E-10153
type7_865.jpg,61E-03666
type7_866.jpg,50H-40557
type7_867.jpg,50E-01731
type7_868.jpg,50H-25877
type7_869.jpg,50G-00035
type7_870.jpg,60B-03619
type7_871.jpg,60B-05861
type7_872.jpg,60B-05592
type7_873.jpg,60H-12233
type7_874.jpg,60B-02137
type7_875.jpg,50H-36119
type7_876.jpg,51B-29732
type7_877.jpg,60B-02878
type7_878.jpg,51B-21945
type7_879.jpg,50H-27849
type7_880.jpg,51H-18036
type7_881.jpg,51B-08983
type7_882.jpg,50F-03384
type7_883.jpg,50H-30936
type7_884.jpg,61F-00835
type7_885.jpg,50H-33229
type7_886.jpg,51G-67792
type7_887.jpg,50H-26692
type7_888.jpg,51F-62580
type7_889.jpg,85E-00199
type7_890.jpg,51F-97811
type7_891.jpg,51C-62438
type7_892.jpg,50H-29102
type7_893.jpg,50H-41348
type7_894.jpg,50E-04353
type7_895.jpg,50E-10412
type7_896.jpg,50F-03088
type7_897.jpg,51B-22469
type7_898.jpg,50H-49126
type7_899.jpg,51H-12822
type7_900.jpg,50H-36523
type7_901.jpg,50H-27742
type7_902.jpg,60F-00906
type7_903.jpg,60A-62355
type7_904.jpg,50H-35314
type7_905.jpg,50H-51786
type7_906.jpg,51B-22408
type7_907.jpg,71H-02169
type7_908.jpg,60H-12439
type7_909.jpg,51F-03237
type7_910.jpg,50E-00063
type7_911.jpg,50H-46931
type7_912.jpg,51G-82627
type7_913.jpg,61E-00010
type7_914.jpg,50H-37364
type7_915.jpg,50E-02832
type7_916.jpg,61A-50784
type7_917.jpg,48E-00110
type7_918.jpg,51H-37730
type7_919.jpg,50H-27443
type7_920.jpg,60B-04840
type7_921.jpg,60B-04808
type7_922.jpg,50E-11717
type7_923.jpg,50E-10551
type7_924.jpg,50E-10551
type7_925.jpg,69A-08278
type7_926.jpg,50E-01260
type7_927.jpg,50F-00816
type7_928.jpg,50F-00885
type7_929.jpg,29B-19722
type7_931.jpg,30A-89508
type7_932.jpg,30G-03408
type7_933.jpg,30G-15584
type7_934.jpg,30G-05997
type7_935.jpg,29E-06221
type7_936.jpg,29E-04768
type7_937.jpg,30G-11624
type7_938.jpg,30A-30515
type7_939.jpg,30A-89621
type7_940.jpg,30E-25520
type7_941.jpg,29E-00940
type7_943.jpg,89E-00166
type7_944.jpg,29G-01775
type7_945.jpg,30A-96871
type7_946.jpg,29H-94969
type7_947.jpg,30F-74845
type7_948.jpg,29E-07319
type7_949.jpg,30G-44496
type7_950.jpg,30E-75402
type7_951.jpg,29E-01354
type7_952.jpg,29E-00707
type7_953.jpg,30A-86741
type7_955.jpg,29E-00705
type7_957.jpg,29E-01245
type7_958.jpg,29E-04289
type7_959.jpg,29E-07761
type7_960.jpg,29E-01396
type7_961.jpg,30G-09679
type7_962.jpg,51B-28034
type7_963.jpg,60C-15542
type7_964.jpg,50E-11040
type7_965.jpg,60C-39708
type7_966.jpg,60G-00030
type7_967.jpg,50H-16016
type7_968.jpg,51C-15984
type7_969.jpg,60H-19910
type7_970.jpg,60B-01048
type7_971.jpg,60C-12924
type7_972.jpg,60B-01061
type7_973.jpg,37E-00198
type7_974.jpg,50E-07181
type7_975.jpg,50E-11290
type7_976.jpg,50H-31474
type7_977.jpg,30G-08469
type7_978.jpg,29K-00307
type7_979.jpg,89E-00357
type7_980.jpg,17A-13937
type7_981.jpg,30G-19418
type7_983.jpg,29H-90891
type7_984.jpg,67E-00124
type7_985.jpg,51B-22936
type7_986.jpg,60H-09523
type7_987.jpg,60C-54334
type7_988.jpg,50H-43792
type7_989.jpg,60H-08285
type7_990.jpg,60C-22340
type7_991.jpg,60C-24646
type7_992.jpg,50H-17353
type7_993.jpg,60H-02853
type7_994.jpg,72H-00264
type7_995.jpg,72H-01719
type7_996.jpg,72H-00538
type7_997.jpg,72C-06086
type7_998.jpg,92H-01008
type7_999.jpg,60C-50833
